OBJECTID,GEO_ID_TRT,Neighborhood,TRACT_LBL,E08201069,M08201069,E08201070,M08201070,E08201071,M08201071,E08201072,M08201072,E08201073,M08201073,E08201074,M08201074,E08201075,M08201075,E08201076,M08201076,E08201077,M08201077,E08201078,M08201078,E08201079,M08201079,E08201080,M08201080,E08201081,M08201081,E08201082,M08201082,E08201083,M08201083,E08201084,M08201084,E08201085,M08201085,E08201086,M08201086,E08201087,M08201087,E08201088,M08201088,E08201089,M08201089,E08201090,M08201090,E08201091,M08201091,E08201092,M08201092,E08201093,M08201093,E08201094,M08201094,E08201095,M08201095,E08201096,M08201096,E08201097,M08201097,E08201098,M08201098
1,53033000100,Northgate,Tract 000100,3899,175,709,159,1961,262,799,180,339,102,91,58,1737,235,641,149,986,218,79,83,31,47,0,17,1118,212,68,45,490,162,457,130,84,62,19,31,578,175,0,17,297,135,139,100,142,88,0,17,466,136,0,17,188,120,124,73,82,51,72,51
2,53033000200,Wallingford,Tract 000200,3693,146,234,103,1686,225,1324,184,310,120,139,101,1135,189,87,61,962,189,86,71,0,17,0,17,1379,204,104,71,531,160,515,125,136,72,93,88,601,141,43,44,117,56,369,137,43,42,29,46,578,119,0,17,76,61,354,115,131,78,17,30
3,53033000300,Green Lake,Tract 000300,1159,68,72,52,425,100,419,98,153,63,90,39,269,87,19,24,206,76,36,32,8,15,0,12,414,97,35,41,116,56,188,76,75,40,0,12,219,70,0,12,69,49,86,46,57,48,7,12,257,64,18,20,34,42,109,44,13,16,83,37
4,53033000401,Licton Springs,Tract 000401,3842,158,990,181,1870,270,881,184,27,33,74,65,2244,224,891,180,1265,229,88,76,0,17,0,17,994,188,83,73,505,152,374,120,0,17,32,37,335,152,16,26,52,43,235,148,15,25,17,28,269,117,0,17,48,65,184,83,12,22,25,40
5,53033000402,Licton Springs,Tract 000402,2373,140,432,150,942,181,642,183,242,107,115,92,992,160,325,115,515,144,120,79,32,36,0,17,713,182,79,84,342,139,223,122,21,27,48,56,340,112,12,19,37,42,157,83,134,85,0,17,328,115,16,24,48,60,142,78,55,57,67,66
6,53033000500,Phinney Ridge,Tract 000500,1268,74,27,25,206,63,691,92,271,70,73,39,226,58,8,12,124,47,85,42,0,12,9,14,532,70,19,21,44,34,362,68,78,41,29,26,276,72,0,12,29,28,152,59,77,38,18,20,234,47,0,12,9,14,92,43,116,49,17,19
7,53033000600,Fremont,Tract 000600,3431,142,303,140,1475,225,1081,214,356,146,216,119,1123,208,234,126,811,188,78,59,0,17,0,17,1158,189,69,49,338,115,556,149,180,98,15,23,461,140,0,17,68,56,227,119,101,69,65,54,689,138,0,17,258,100,220,105,75,59,136,98
8,53033000700,Roosevelt,Tract 000700,2249,130,275,107,921,191,742,143,161,83,150,85,715,177,187,90,496,173,23,26,0,17,9,20,839,184,88,57,350,138,276,106,77,42,48,52,312,114,0,17,19,29,212,108,67,69,14,23,383,117,0,17,56,57,231,84,17,27,79,70
9,53033000800,Maple Leaf,Tract 000800,1116,33,21,23,382,75,448,79,223,69,42,32,225,64,10,16,151,60,53,33,11,17,0,12,552,88,0,12,185,68,268,69,88,48,11,17,192,71,0,12,46,36,57,39,77,45,12,18,147,49,11,16,0,12,70,36,47,36,19,21
10,53033000900,University District,Tract 000900,861,58,22,19,191,52,417,65,188,54,43,25,227,51,22,19,136,43,37,22,17,17,15,17,352,66,0,12,34,22,247,61,71,40,0,12,152,48,0,12,14,14,65,30,58,29,15,13,130,31,0,12,7,7,68,26,42,20,13,11
11,53033001000,Ravenna,Tract 001000,769,38,40,31,322,53,264,56,119,38,24,16,174,40,10,13,127,38,32,27,0,12,5,7,295,53,3,4,121,41,144,45,27,18,0,12,135,47,22,28,35,28,41,22,33,20,4,6,165,30,5,7,39,27,47,20,59,31,15,13
12,53033001100,Laurelhurst,Tract 001100,1039,76,68,52,386,82,319,91,180,68,86,41,296,82,47,48,228,77,10,14,11,18,0,12,313,86,8,12,118,57,113,63,74,39,0,12,184,65,13,19,34,31,91,47,46,40,0,12,246,49,0,12,6,10,105,30,49,32,86,41
13,53033001200,Hawthorne Hills,Tract 001200,3762,219,799,208,1821,340,890,224,195,100,57,46,1915,276,694,209,1044,262,177,120,0,17,0,17,1047,228,50,44,506,194,436,140,41,41,14,24,437,165,6,12,173,131,119,69,139,92,0,17,363,118,49,45,98,77,158,80,15,23,43,41
14,53033001300,Windermere,Tract 001300,2333,124,317,99,987,185,840,149,139,79,50,42,920,181,217,72,665,175,38,40,0,12,0,12,877,144,84,77,272,115,481,120,40,46,0,12,371,141,0,12,33,37,210,108,91,62,37,38,165,61,16,25,17,26,111,66,8,15,13,21
15,53033001400,View Ridge,Tract 001400,2386,95,185,113,904,169,787,162,414,157,96,63,710,143,94,69,572,126,44,47,0,17,0,17,742,147,22,34,151,80,379,111,171,87,19,31,513,170,20,32,154,85,190,99,91,104,58,51,421,130,49,76,27,42,174,62,152,107,19,31
16,53033001500,Sand Point,Tract 001500,1147,46,42,32,387,74,453,88,199,78,66,44,323,71,9,14,255,72,48,36,0,12,11,18,436,81,33,28,109,45,231,69,43,32,20,22,137,57,0,12,13,16,61,38,52,39,11,16,251,51,0,12,10,14,113,47,104,59,24,30
17,53033001600,Wedgewood,Tract 001600,1873,74,88,41,374,110,949,125,347,124,115,58,421,87,74,34,193,72,94,46,60,78,0,12,695,107,0,12,108,51,468,93,100,52,19,21,350,103,11,17,73,65,163,68,86,47,17,18,407,96,3,10,0,12,224,68,101,66,79,51
18,53033001701,Matthews Beach,Tract 001701,2016,122,371,139,922,163,524,137,151,80,48,45,830,149,210,99,546,135,50,41,24,33,0,12,670,162,90,85,233,103,312,101,31,33,4,9,352,99,60,63,97,60,111,66,40,41,44,43,164,75,11,18,46,47,51,45,56,52,0,12
19,53033001702,Meadowbrook,Tract 001702,2356,100,326,137,931,171,701,148,230,134,168,92,897,169,212,101,616,177,37,34,0,17,32,46,838,162,69,57,300,111,298,118,112,120,59,64,359,148,45,70,15,24,172,88,74,62,53,61,262,66,0,17,0,17,194,80,44,44,24,29
20,53033001800,Lake City,Tract 001800,2311,120,122,86,1133,201,737,159,303,115,16,26,644,161,90,80,491,152,16,26,47,49,0,17,921,157,17,27,468,136,436,146,0,17,0,17,443,126,15,23,82,58,136,74,210,96,0,17,303,74,0,17,92,57,149,75,46,45,16,26
21,53033001900,North Beach,Tract 001900,2286,86,298,95,868,124,754,107,233,71,133,68,791,107,232,81,488,103,41,34,20,17,10,16,907,124,57,51,280,84,480,95,39,32,51,47,314,84,9,13,80,48,103,59,116,54,6,9,274,79,0,12,20,23,130,44,58,33,66,51
22,53033002000,Broadview,Tract 002000,1648,81,134,58,583,94,669,107,193,69,69,43,524,90,104,54,314,77,84,43,22,19,0,12,590,102,30,27,163,64,302,83,79,43,16,27,256,66,0,12,78,53,119,50,52,33,7,10,278,54,0,12,28,24,164,46,40,32,46,40
23,53033002100,Bitter Lake,Tract 002100,1771,77,69,53,759,118,645,104,204,58,94,49,508,104,45,48,446,110,17,18,0,12,0,12,628,123,16,20,255,84,265,84,72,44,20,23,252,75,8,13,48,34,156,59,40,29,0,12,383,63,0,12,10,15,207,57,92,54,74,43
24,53033002200,Haller Lake,Tract 002200,2338,104,101,57,717,134,1191,166,260,108,69,52,496,123,73,47,357,113,66,63,0,17,0,17,878,151,13,22,144,72,653,146,55,42,13,21,475,121,15,23,124,71,230,104,106,79,0,17,489,125,0,17,92,78,242,74,99,60,56,48
25,53033002400,Victory Heights,Tract 002400,1295,58,36,24,492,77,561,75,147,53,59,31,270,68,18,19,198,62,54,37,0,12,0,12,514,80,8,12,168,57,235,55,89,39,14,16,234,84,10,15,94,46,82,50,29,24,19,24,277,60,0,12,32,28,190,42,29,29,26,24
26,53033002500,Pinehurst,Tract 002500,1318,55,87,46,487,115,519,90,168,64,57,67,369,60,64,37,269,56,36,30,0,12,0,12,369,105,13,18,155,86,142,52,52,46,7,12,285,73,10,18,17,18,152,60,106,51,0,12,295,78,0,12,46,37,189,47,10,15,50,66
27,53033002600,Olympic Hills,Tract 002600,1946,95,121,64,619,91,999,105,183,76,24,25,378,99,76,40,242,77,23,20,37,44,0,17,657,113,34,54,245,81,325,93,53,39,0,17,436,94,11,15,89,50,288,86,48,39,0,17,475,73,0,17,43,30,363,73,45,31,24,25
28,53033002700,Jackson Park,Tract 002700,2459,64,57,38,1140,167,901,162,200,90,161,94,723,146,37,34,576,141,110,82,0,17,0,17,721,157,0,17,224,86,450,119,47,43,0,17,373,129,0,17,198,91,93,59,52,46,30,32,642,148,20,22,142,105,248,110,101,70,131,83
29,53033002800,Cedar Park,Tract 002800,2160,135,172,92,965,189,798,173,154,72,71,57,737,163,95,63,590,158,34,39,18,28,0,12,731,142,38,43,236,93,392,116,65,44,0,12,282,100,0,12,53,51,172,102,57,49,0,12,410,93,39,45,86,58,200,75,14,22,71,57
30,53033002900,Matthews Beach,Tract 002900,1967,79,101,50,791,121,866,117,175,94,34,35,579,93,63,36,486,92,30,27,0,12,0,12,539,90,9,15,172,52,336,74,22,17,0,12,416,108,9,14,84,45,201,73,114,88,8,13,433,95,20,31,49,35,299,86,39,33,26,36
31,53033003000,Meadowbrook,Tract 003000,2627,72,78,45,950,187,1231,175,229,91,139,93,692,156,54,43,470,143,134,89,34,39,0,17,963,177,24,27,322,135,532,146,69,59,16,26,420,132,0,17,129,76,180,82,61,49,50,57,552,121,0,17,29,34,385,98,65,49,73,66
32,53033003100,Olympic Hills,Tract 003100,2778,83,100,70,918,163,1360,170,318,96,82,51,774,135,86,65,640,134,48,46,0,17,0,17,965,147,0,17,67,57,736,143,146,83,16,26,519,134,14,23,135,76,207,86,113,68,50,45,520,86,0,17,76,64,369,102,59,46,16,21
33,53033003200,Wedgewood,Tract 003200,4402,207,485,167,1792,290,1588,262,383,160,154,123,1673,281,369,147,1004,264,209,147,53,80,38,44,1681,323,116,102,632,255,739,198,119,83,75,96,749,207,0,17,112,121,482,171,136,92,19,30,299,108,0,17,44,46,158,93,75,70,22,35
34,53033003300,Bryant,Tract 003300,3382,182,265,123,1709,224,1099,161,239,81,70,55,867,203,116,67,700,189,51,47,0,17,0,17,1444,175,91,65,621,143,651,158,49,47,32,36,613,192,58,88,251,139,185,98,99,62,20,33,458,105,0,17,137,81,212,75,91,56,18,25
35,53033003400,Roosevelt,Tract 003400,1560,56,81,54,634,87,671,110,119,52,55,31,371,88,48,39,257,66,66,55,0,12,0,12,650,94,12,18,240,80,375,94,23,25,0,12,297,77,21,31,86,47,108,49,66,41,16,17,242,53,0,12,51,28,122,46,30,25,39,25
36,53033003500,Ravenna,Tract 003500,1921,88,206,86,822,108,737,98,150,58,6,9,707,108,190,87,472,85,28,43,17,19,0,12,590,89,9,14,247,64,327,67,7,12,0,12,352,96,7,11,69,42,197,76,79,50,0,12,272,51,0,12,34,25,185,49,47,26,6,9
37,53033003600,University District,Tract 003600,3745,221,582,162,1810,254,1145,180,191,103,17,26,1659,258,425,157,1059,200,175,96,0,17,0,17,1360,212,127,71,523,163,651,161,59,91,0,17,401,128,16,27,122,84,149,79,97,64,17,26,325,102,14,23,106,97,170,79,35,39,0,17
38,53033003800,Montlake,Tract 003800,915,52,73,37,287,63,443,65,93,39,19,16,249,56,57,35,164,50,24,21,4,6,0,12,267,50,8,11,65,24,174,47,20,25,0,12,140,40,0,12,37,26,79,33,19,16,5,8,259,38,8,11,21,17,166,32,50,26,14,14
39,53033003900,Capitol Hill,Tract 003900,1202,48,83,48,375,88,540,91,168,51,36,27,269,71,34,31,226,74,9,13,0,12,0,12,370,89,40,48,65,36,221,66,44,29,0,12,297,78,9,16,48,34,146,65,77,40,17,18,266,55,0,12,36,25,164,53,47,34,19,19
40,53033004000,Madison Valley,Tract 004000,1396,77,143,71,624,92,488,80,122,66,19,16,489,90,67,36,380,87,42,30,0,12,0,12,505,95,31,28,177,63,267,72,30,27,0,12,159,65,0,12,18,21,91,41,42,44,8,12,243,61,45,51,49,52,88,48,50,39,11,17
41,53033004100,Madison Park,Tract 004100,2957,168,84,83,801,146,1383,188,500,136,189,80,490,135,67,80,285,103,95,61,43,69,0,17,1091,164,17,28,296,127,691,137,47,42,40,38,525,136,0,17,133,63,177,84,169,78,46,53,851,115,0,17,87,73,420,115,241,93,103,65
42,53033004200,Madison Valley,Tract 004200,3370,119,121,99,1256,209,1578,210,257,96,158,116,880,182,90,93,718,174,72,56,0,17,0,17,1093,185,0,17,304,141,676,150,97,75,16,27,496,131,0,17,126,73,326,117,44,40,0,17,901,165,31,33,108,69,504,113,116,67,142,118
43,53033004301,Eastlake,Tract 004301,1458,72,195,68,522,95,595,92,82,43,64,42,453,83,118,50,278,70,57,50,0,12,0,12,412,88,61,48,91,43,247,67,7,11,6,11,142,60,0,12,18,21,69,42,38,36,17,21,451,79,16,20,135,55,222,74,37,27,41,36
44,53033004302,Eastlake,Tract 004302,1594,134,770,147,564,136,192,65,49,45,19,22,767,112,465,103,284,86,6,11,0,12,12,19,517,121,189,83,192,83,124,54,12,18,0,12,142,77,86,73,21,24,25,25,10,16,0,12,168,82,30,48,67,67,37,38,27,40,7,11
45,53033004400,Pike/Pine,Tract 004400,2757,134,848,214,940,205,621,151,198,119,150,108,986,222,399,155,515,172,72,72,0,17,0,17,969,196,338,155,259,114,317,125,55,68,0,17,269,105,58,49,92,63,89,72,30,35,0,17,533,123,53,72,74,54,143,58,113,82,150,108
46,53033004500,Pike/Pine,Tract 004500,1027,71,109,64,353,89,340,89,115,64,110,63,198,68,33,40,141,50,24,22,0,12,0,12,245,84,9,14,94,47,99,50,8,13,35,45,244,89,20,21,58,37,120,69,38,30,8,13,340,74,47,50,60,39,97,33,69,56,67,46
47,53033004600,Pike/Pine,Tract 004600,1420,87,38,29,482,96,725,76,117,48,58,36,326,78,18,20,279,76,18,20,11,16,0,12,569,83,11,15,132,64,368,74,50,30,8,13,153,58,9,14,36,29,86,41,22,23,0,12,372,61,0,12,35,30,253,66,34,26,50,32
48,53033004700,Belltown,Tract 004700,5721,268,965,291,3266,450,1358,300,97,88,35,56,2966,387,834,266,2074,378,58,65,0,17,0,17,2230,291,131,110,978,238,1086,273,35,56,0,17,313,165,0,17,130,115,159,117,24,38,0,17,212,94,0,17,84,76,55,76,38,62,35,56
49,53033004800,Westlake,Tract 004800,2212,149,105,62,911,183,890,184,241,119,65,66,507,131,44,40,405,118,27,29,31,34,0,17,985,192,42,40,354,135,548,144,41,43,0,17,347,128,0,17,69,40,152,86,126,91,0,17,373,83,19,28,83,64,163,82,43,39,65,66
50,53033004900,Westlake,Tract 004900,3654,199,472,155,2014,250,829,198,224,113,115,68,1605,222,235,97,1291,215,79,58,0,17,0,17,1427,229,183,95,609,151,593,168,42,40,0,17,287,120,54,85,68,55,109,63,38,43,18,28,335,103,0,17,46,41,48,48,144,97,97,58
51,53033005000,Queen Anne,Tract 005000,1994,184,267,139,926,157,712,169,54,45,35,40,684,145,219,129,436,109,29,43,0,12,0,12,796,156,28,34,341,109,392,127,0,12,35,40,416,143,20,29,149,77,193,114,54,45,0,12,98,50,0,12,0,12,98,50,0,12,0,12
52,53033005100,Queen Anne,Tract 005100,1711,85,154,53,718,105,679,107,142,53,18,20,586,95,91,40,421,92,64,44,0,12,10,16,616,104,56,37,154,51,348,94,50,31,8,13,283,78,7,10,108,51,106,53,62,37,0,12,226,50,0,12,35,31,161,49,30,23,0,12
53,53033005200,Interbay,Tract 005200,3075,219,981,195,1351,245,556,157,102,82,85,60,1273,200,492,124,646,178,117,91,18,31,0,17,934,181,216,97,488,138,212,100,18,29,0,17,466,164,187,109,134,89,118,92,27,32,0,17,402,148,86,99,83,59,109,50,39,63,85,60
54,53033005301,Magnolia,Tract 005301,3085,203,1750,264,1066,231,173,103,30,33,66,71,1683,235,1230,225,377,133,76,85,0,17,0,17,1071,234,452,155,563,197,56,70,0,17,0,17,161,95,31,43,73,78,27,30,30,33,0,17,170,93,37,44,53,45,14,18,0,17,66,71
55,53033005302,Magnolia,Tract 005302,117,30,70,26,47,25,0,17,0,17,0,17,91,27,48,21,43,24,0,17,0,17,0,17,17,19,13,18,4,6,0,17,0,17,0,17,9,15,9,15,0,17,0,17,0,17,0,17,0,17,0,17,0,17,0,17,0,17,0,17
56,53033005400,Magnolia,Tract 005400,3291,151,326,154,1712,249,962,183,210,101,81,107,1533,242,185,129,1202,239,75,54,0,17,71,104,1160,212,113,96,385,133,615,158,47,45,0,17,355,116,19,30,107,66,108,65,121,83,0,17,243,74,9,16,18,26,164,65,42,38,10,17
57,53033005600,Magnolia,Tract 005600,2763,131,80,59,574,146,1650,182,370,93,89,56,573,156,19,31,378,116,176,92,0,17,0,17,1061,172,32,36,133,70,737,161,125,79,34,38,505,140,14,21,21,34,309,119,125,68,36,45,624,134,15,20,42,43,428,110,120,65,19,26
58,53033005700,Magnolia,Tract 005700,2856,147,69,54,1047,188,1201,175,395,105,144,70,715,146,37,42,563,137,81,57,17,27,17,27,1116,168,11,19,355,145,494,130,219,94,37,35,536,131,21,25,94,71,241,97,109,63,71,54,489,108,0,17,35,53,385,116,50,41,19,25
59,53033005801,Interbay,Tract 005801,2747,159,255,112,1376,203,896,158,127,68,93,71,1164,179,142,99,914,179,74,56,34,36,0,17,1065,166,113,82,345,130,512,149,45,42,50,57,292,93,0,17,103,65,157,71,18,28,14,21,226,79,0,17,14,23,153,72,30,33,29,31
60,53033005802,Interbay,Tract 005802,3037,204,261,119,1777,249,794,189,174,86,31,33,1534,215,122,81,1270,213,142,107,0,17,0,17,956,207,89,69,349,127,446,151,55,51,17,26,226,94,0,17,82,58,104,65,40,30,0,17,321,82,50,66,76,64,102,55,79,62,14,23
61,53033005900,North Admiral,Tract 005900,2773,131,188,87,1062,204,1129,197,290,96,104,64,597,167,109,77,488,155,0,17,0,17,0,17,1287,199,60,34,393,147,692,184,91,58,51,47,408,196,0,17,139,122,200,122,69,50,0,17,481,84,19,29,42,38,237,73,130,74,53,42
62,53033006000,North Admiral,Tract 006000,2650,158,142,80,1524,180,761,149,173,85,50,46,790,180,58,55,700,170,15,23,17,28,0,17,1233,185,69,57,594,165,539,130,14,23,17,27,297,151,15,24,97,105,90,59,95,66,0,17,330,76,0,17,133,62,117,52,47,33,33,39
63,53033006100,Alki,Tract 006100,2962,178,231,97,1640,226,859,179,201,118,31,42,1311,227,186,88,1029,202,96,59,0,17,0,17,1134,215,45,42,482,145,518,151,89,92,0,17,403,99,0,17,112,75,176,92,84,72,31,42,114,63,0,17,17,28,69,45,28,33,0,17
64,53033006200,Alki,Tract 006200,1665,35,42,33,450,87,898,97,211,65,64,51,243,72,8,14,235,75,0,12,0,12,0,12,654,89,10,15,151,51,414,79,79,43,0,12,301,81,24,27,41,35,192,69,32,28,12,14,467,77,0,12,23,26,292,64,100,47,52,47
65,53033006300,North Admiral,Tract 006300,2705,148,154,75,1094,212,1031,187,368,109,58,48,914,190,122,73,773,184,19,30,0,17,0,17,1061,162,32,37,273,153,585,122,171,78,0,17,289,102,0,17,16,24,154,86,77,59,42,38,441,125,0,17,32,28,273,124,120,62,16,29
66,53033006400,North Admiral,Tract 006400,1369,37,82,58,400,86,642,94,194,76,51,37,257,79,61,56,189,63,7,12,0,12,0,12,487,91,21,23,119,52,294,78,35,27,18,21,302,91,0,12,81,59,141,57,75,57,5,10,323,61,0,12,11,17,200,48,84,48,28,28
67,53033006500,North Admiral,Tract 006500,2560,139,473,132,1195,185,738,151,138,73,16,25,1076,167,375,122,622,138,79,73,0,12,0,12,962,178,98,69,444,138,374,137,46,42,0,12,217,83,0,12,36,26,138,70,43,32,0,12,305,103,0,12,93,77,147,63,49,44,16,25
68,53033006600,Alki,Tract 006600,2341,152,401,141,1206,195,632,153,71,73,31,26,998,210,294,116,648,177,56,73,0,12,0,12,1068,180,107,88,497,147,464,120,0,12,0,12,191,91,0,12,61,52,108,72,22,25,0,12,84,76,0,12,0,12,4,16,49,79,31,26
69,53033006700,Alki,Tract 006700,5115,239,836,248,2884,403,1286,319,21,39,88,91,1864,290,419,182,1418,281,27,42,0,17,0,17,2498,384,284,228,1113,353,1051,295,21,39,29,48,634,262,133,166,321,188,121,94,0,17,59,76,119,82,0,17,32,51,87,71,0,17,0,17
70,53033006800,North Admiral,Tract 006800,1442,86,189,77,550,110,526,97,177,61,0,12,440,109,147,71,293,101,0,12,0,12,0,12,465,96,25,23,132,52,289,87,19,21,0,12,257,72,0,12,100,57,95,48,62,43,0,12,280,71,17,19,25,21,142,55,96,46,0,12
71,53033006900,North Admiral,Tract 006900,2313,90,116,78,1053,162,968,174,129,71,47,39,661,116,57,61,570,113,34,39,0,17,0,17,983,153,40,40,321,117,512,138,71,52,39,37,299,120,19,29,115,82,147,84,18,30,0,17,370,81,0,17,47,42,275,80,40,47,8,23
72,53033007000,Admiral,Tract 007000,5104,249,1440,263,2672,300,859,203,48,54,85,72,3351,349,1243,246,2060,324,48,56,0,17,0,17,1504,293,197,113,565,204,650,197,48,54,44,60,119,98,0,17,47,58,72,80,0,17,0,17,130,41,0,17,0,17,89,62,0,17,41,38
73,53033007100,Admiral,Tract 007100,3222,164,889,215,1892,242,441,158,0,17,0,17,1857,251,556,162,1223,207,78,71,0,17,0,17,1120,209,282,132,524,171,314,145,0,17,0,17,229,104,51,76,145,64,33,43,0,17,0,17,16,29,0,17,0,17,16,29,0,17,0,17
74,53033007200,North Admiral,Tract 007200,6672,391,2836,394,2948,467,821,248,67,79,0,19,4001,447,2222,362,1604,357,122,148,53,88,0,19,2221,367,547,233,1083,341,577,227,14,26,0,19,254,153,29,46,148,104,77,92,0,19,0,19,196,171,38,61,113,153,45,48,0,19,0,19
75,53033007300,Admiral,Tract 007300,4850,268,2028,278,2439,266,383,149,0,17,0,17,2979,339,1667,249,1297,290,15,24,0,17,0,17,1668,246,343,140,972,207,353,143,0,17,0,17,86,62,18,31,53,51,15,24,0,17,0,17,117,38,0,17,117,38,0,17,0,17,0,17
76,53033007401,Delridge,Tract 007401,3842,143,1354,224,2151,224,333,109,0,17,4,22,2521,258,1134,223,1364,245,23,37,0,17,0,17,1157,196,201,103,667,169,289,102,0,17,0,17,84,50,19,29,44,31,21,28,0,17,0,17,80,94,0,17,76,91,0,17,0,17,4,22
77,53033007402,Delridge,Tract 007402,3699,201,1743,246,1677,198,259,141,20,33,0,17,2444,264,1415,238,1016,172,13,22,0,17,0,17,1022,195,238,122,541,152,223,136,20,33,0,17,119,104,60,88,36,39,23,36,0,17,0,17,114,57,30,45,84,33,0,17,0,17,0,17
78,53033007500,Delridge,Tract 007500,6221,162,2516,519,3266,530,439,206,0,17,0,17,3832,443,2034,456,1798,377,0,17,0,17,0,17,1911,427,482,221,1177,407,252,137,0,17,0,17,422,140,0,17,291,204,131,118,0,17,0,17,56,101,0,17,0,17,56,101,0,17,0,17
79,53033007600,South Delridge,Tract 007600,2273,96,495,145,1220,195,404,129,117,64,37,34,1030,164,341,135,655,164,34,34,0,12,0,12,769,146,122,90,304,85,291,113,40,44,12,19,309,126,32,36,173,100,27,33,77,59,0,12,165,84,0,12,88,67,52,40,0,12,25,28
80,53033007700,Roxhill,Tract 007700,2450,117,271,124,1189,180,773,174,147,73,70,55,727,181,210,118,487,157,15,23,15,24,0,17,1055,198,47,45,426,147,487,144,67,49,28,32,406,138,0,17,219,113,116,70,47,45,24,33,262,75,14,22,57,47,155,68,18,21,18,27
81,53033007800,White Center,Tract 007800,2304,95,33,37,721,149,1193,183,324,138,33,43,430,122,0,17,274,101,76,65,61,94,19,29,1089,165,20,33,359,124,689,158,21,33,0,17,303,115,13,19,56,48,99,64,135,98,0,17,482,94,0,17,32,30,329,86,107,72,14,27
82,53033007900,Highland Park,Tract 007900,3430,168,994,213,1651,235,632,193,119,69,34,39,1669,223,623,170,905,185,111,127,13,22,17,27,1301,194,236,94,640,158,357,138,51,48,17,28,256,111,57,56,48,47,115,77,36,36,0,17,204,95,78,82,58,66,49,45,19,31,0,17
83,53033008001,Highland Park,Tract 008001,4872,367,1442,357,2896,441,482,172,52,49,0,17,2912,444,1136,314,1761,371,15,28,0,17,0,17,1785,384,306,171,1054,378,425,175,0,17,0,17,147,106,0,17,81,79,42,61,24,40,0,17,28,29,0,17,0,17,0,17,28,29,0,17
84,53033008002,Highland Park,Tract 008002,2566,180,1178,231,1093,211,295,137,0,12,0,12,1788,225,955,212,773,186,60,71,0,12,0,12,669,162,187,91,247,111,235,113,0,12,0,12,109,92,36,58,73,74,0,12,0,12,0,12,0,12,0,12,0,12,0,12,0,12,0,12
85,53033008100,South Park,Tract 008100,2805,243,1561,238,1020,210,167,82,57,68,0,12,1784,252,1317,222,436,153,31,37,0,12,0,12,919,202,225,91,501,161,136,66,57,68,0,12,95,61,19,30,76,54,0,12,0,12,0,12,7,16,0,12,7,16,0,12,0,12,0,12
86,53033008200,South Park,Tract 008200,2855,228,1454,226,1198,192,175,89,19,30,9,15,1604,264,958,215,624,165,13,21,0,12,9,15,1192,225,471,185,540,169,162,86,19,30,0,12,15,24,0,12,15,24,0,12,0,12,0,12,44,27,25,22,19,35,0,12,0,12,0,12
87,53033008300,Georgetown,Tract 008300,2138,127,915,172,1025,177,163,75,35,34,0,12,1399,145,720,161,649,166,30,34,0,12,0,12,634,125,137,60,361,117,112,64,24,29,0,12,86,61,58,51,0,12,17,27,11,17,0,12,19,24,0,12,15,23,4,7,0,12,0,12
88,53033008400,Beacon Hill,Tract 008400,3345,281,1413,254,1614,239,301,176,17,28,0,12,2061,302,1050,231,911,214,100,138,0,12,0,12,1170,233,347,154,631,185,192,92,0,12,0,12,114,98,16,25,72,90,9,14,17,28,0,12,0,12,0,12,0,12,0,12,0,12,0,12
89,53033008500,Beacon Hill,Tract 008500,1865,119,860,136,861,145,110,61,34,41,0,12,1367,132,789,134,569,134,9,14,0,12,0,12,383,86,53,35,244,72,75,53,11,17,0,12,107,53,18,22,40,20,26,32,23,38,0,12,8,13,0,12,8,13,0,12,0,12,0,12
90,53033008600,NewHolly,Tract 008600,2308,192,650,145,1207,192,294,109,109,105,48,78,1212,167,392,126,784,177,36,40,0,17,0,17,696,159,200,84,258,102,218,89,20,33,0,17,200,121,0,17,91,82,40,48,21,34,48,78,200,115,58,59,74,60,0,17,68,84,0,17
91,53033008700,Brighton,Tract 008700,1851,102,368,115,889,138,385,81,150,73,59,43,541,124,233,107,280,94,19,21,0,12,9,14,693,104,76,49,359,88,181,60,56,39,21,29,332,107,31,39,179,77,76,48,46,40,0,12,285,85,28,43,71,52,109,52,48,39,29,34
92,53033008800,Seward Park,Tract 008800,1671,70,159,60,625,123,758,128,65,39,64,52,394,95,64,41,236,89,75,68,19,22,0,12,584,111,61,41,158,59,365,102,0,12,0,12,305,98,14,22,120,80,124,53,16,19,31,33,388,107,20,23,111,77,194,55,30,27,33,33
93,53033008900,Rainier Beach,Tract 008900,2498,130,215,146,949,223,949,187,255,137,130,79,571,179,54,74,485,156,32,37,0,17,0,17,1128,199,76,86,408,164,590,156,36,40,18,29,531,197,85,89,16,26,237,136,123,102,70,54,268,103,0,17,40,64,90,49,96,75,42,50
94,53033009000,Rainier Beach,Tract 009000,1798,102,523,115,985,137,201,70,73,44,16,19,1016,133,408,111,580,121,28,26,0,12,0,12,509,102,86,49,291,91,116,60,7,10,9,15,95,43,23,27,22,19,14,15,36,37,0,12,178,59,6,10,92,59,43,36,30,20,7,11
95,53033009100,Lakewood,Tract 009100,1569,122,1008,134,515,122,46,38,0,12,0,12,962,124,726,122,229,81,7,12,0,12,0,12,464,115,243,101,192,85,29,35,0,12,0,12,52,44,21,29,21,23,10,16,0,12,0,12,91,54,18,34,73,63,0,12,0,12,0,12
96,53033009200,Seward Park,Tract 009200,1895,123,1263,152,558,118,74,45,0,12,0,12,1382,135,1046,151,318,100,18,29,0,12,0,12,437,95,203,67,201,83,33,22,0,12,0,12,51,41,14,17,31,38,6,12,0,12,0,12,25,26,0,12,8,20,17,18,0,12,0,12
97,53033009300,Columbia City,Tract 009300,1195,75,136,53,658,97,310,68,65,32,26,20,524,98,110,48,352,85,56,38,6,10,0,12,474,72,26,21,219,65,210,61,6,9,13,14,121,49,0,12,66,43,16,18,34,33,5,7,76,42,0,12,21,21,28,26,19,18,8,12
98,53033009400,Hillman City,Tract 009400,2941,106,560,132,1334,224,812,202,124,85,111,67,878,201,351,129,527,186,0,17,0,17,0,17,1103,173,139,82,401,128,493,153,30,32,40,44,312,124,0,17,124,109,118,78,49,51,21,32,648,165,70,55,282,139,201,117,45,49,50,41
99,53033009500,Beacon Hill,Tract 009500,2697,129,313,150,979,202,1077,173,229,103,99,65,915,180,248,140,629,173,38,43,0,17,0,17,702,167,54,84,169,89,420,100,37,37,22,35,449,125,11,16,86,62,251,98,78,53,23,36,631,103,0,17,95,65,368,115,114,71,54,55
100,53033009600,Othello,Tract 009600,2849,133,216,113,1168,184,1125,179,256,105,84,61,1115,157,167,104,806,151,127,104,15,23,0,17,1162,168,49,48,238,86,731,154,108,62,36,43,298,136,0,17,72,58,82,59,115,106,29,34,274,81,0,17,52,54,185,76,18,31,19,31
101,53033009701,Hillman City,Tract 009701,3119,111,170,122,1335,205,1266,209,281,105,67,61,1115,192,103,94,860,188,133,76,0,17,19,30,1366,229,67,84,388,129,750,181,145,74,16,25,270,105,0,17,19,30,169,78,67,49,15,25,368,126,0,17,68,55,214,96,69,58,17,28
102,53033009702,Brighton,Tract 009702,2339,116,61,47,956,175,1032,150,269,101,21,28,680,131,49,43,586,141,45,55,0,17,0,17,816,141,12,19,212,95,476,128,116,59,0,17,310,108,0,17,107,63,126,53,70,58,7,14,533,78,0,17,51,54,385,94,83,50,14,24
103,53033009800,Dunlap,Tract 009800,3165,145,177,92,1252,170,1316,206,284,111,136,81,889,169,142,77,641,139,106,84,0,17,0,17,1327,197,0,17,435,150,756,171,136,72,0,17,400,139,35,55,83,60,157,78,61,54,64,55,549,88,0,17,93,59,297,102,87,70,72,60
104,53033009900,Rainier Beach,Tract 009900,3096,129,356,180,1472,255,939,220,276,128,53,53,1223,230,283,175,894,216,46,46,0,17,0,17,1121,207,65,80,375,154,544,176,120,80,17,28,524,132,8,30,203,111,235,96,78,69,0,17,228,114,0,17,0,17,114,67,78,87,36,44
105,53033010001,South Rainier Valley,Tract 010001,1639,94,393,128,571,137,482,103,146,72,47,36,469,116,256,93,185,75,28,27,0,12,0,12,475,131,58,54,220,111,177,65,0,12,20,16,254,87,18,16,65,52,81,59,84,51,6,10,441,90,61,57,101,84,196,88,62,46,21,28
106,53033010002,Mount Baker,Tract 010002,1860,96,187,84,742,140,675,128,182,61,74,59,424,107,102,56,297,98,25,24,0,12,0,12,555,121,40,52,235,86,230,89,27,29,23,22,390,101,15,17,137,79,136,65,102,53,0,12,491,115,30,26,73,43,284,103,53,32,51,55
107,53033010100,Mount Baker,Tract 010100,3185,147,492,157,1197,201,1091,223,282,106,123,73,753,191,329,153,355,151,69,55,0,17,0,17,1010,208,130,75,330,110,398,176,140,80,12,18,532,159,0,17,174,107,282,99,76,71,0,17,890,145,33,37,338,142,342,126,66,60,111,72
108,53033010200,Atlantic,Tract 010200,1974,93,78,61,620,108,1000,118,179,65,97,40,564,115,62,54,377,94,93,59,22,24,10,16,793,107,0,12,161,65,517,96,95,46,20,31,228,60,0,12,21,22,168,53,30,25,9,14,389,55,16,23,61,51,222,66,32,28,58,33
109,53033010300,Central District,Tract 010300,2825,169,334,162,1454,224,727,169,214,93,96,57,861,209,322,162,471,136,50,44,18,31,0,17,1079,177,0,17,534,154,465,146,80,50,0,17,299,124,12,20,145,109,96,56,32,34,14,25,586,156,0,17,304,128,116,83,84,57,82,50
110,53033010401,Madrona,Tract 010401,1441,73,113,53,429,102,591,105,195,69,113,50,278,93,65,40,118,59,71,64,10,15,14,22,461,98,10,17,153,73,250,84,30,27,18,26,318,84,18,29,66,51,179,78,43,33,12,11,384,80,20,21,92,57,91,47,112,55,69,37
111,53033010402,Leschi,Tract 010402,1747,89,184,100,550,106,559,132,346,103,108,65,338,105,109,74,171,63,58,42,0,12,0,12,563,122,59,63,202,76,239,102,53,39,10,17,387,110,16,26,76,63,118,55,112,59,65,56,459,111,0,12,101,41,144,84,181,76,33,25
112,53033010500,Leschi,Tract 010500,4410,231,734,226,2026,337,1251,269,371,125,28,43,2061,296,670,221,1269,263,122,78,0,17,0,17,1599,260,64,58,589,198,815,211,131,86,0,17,344,146,0,17,32,40,239,128,73,65,0,17,406,114,0,17,136,87,75,57,167,114,28,43
113,53033010600,Judkins Park,Tract 010600,3730,163,400,159,1204,195,1620,244,444,120,62,50,1019,217,272,125,697,168,50,61,0,17,0,17,1584,227,71,62,319,97,887,211,291,107,16,26,576,148,57,61,146,78,315,112,45,43,13,21,551,110,0,17,42,35,368,111,108,55,33,36
114,53033010701,Central District,Tract 010701,1546,107,289,93,593,120,556,107,56,29,52,33,503,96,219,87,230,68,45,32,9,15,0,12,459,98,12,18,219,86,180,70,29,21,19,21,280,110,38,47,81,68,137,92,8,13,16,18,304,72,20,22,63,44,194,65,10,13,17,20
115,53033010702,Central District,Tract 010702,1600,63,306,108,676,144,368,108,167,88,83,52,401,85,111,45,268,74,22,35,0,12,0,12,380,106,79,63,84,58,170,70,41,37,6,10,211,99,39,52,100,70,45,43,21,22,6,10,608,107,77,74,224,114,131,63,105,75,71,53
116,53033010800,Yesler Terrace,Tract 010800,1890,57,194,90,587,102,703,106,304,108,102,45,379,92,71,50,201,73,59,28,32,24,16,18,799,107,123,71,179,72,336,82,114,64,47,32,414,110,0,12,114,67,185,62,102,57,13,20,298,71,0,12,93,56,123,56,56,45,26,27
117,53033010900,First Hill,Tract 010900,593,55,106,45,285,62,150,39,29,23,23,21,292,69,82,42,179,52,31,24,0,12,0,12,158,52,24,33,80,36,26,20,12,14,16,18,99,40,0,12,26,34,56,25,17,17,0,12,44,20,0,12,0,12,37,19,0,12,7,10
118,53033011001,First Hill,Tract 011001,1647,79,495,101,514,122,386,101,178,70,74,51,566,100,361,94,180,83,18,20,0,12,7,11,413,88,117,58,153,61,87,45,18,22,38,48,158,71,11,17,37,40,43,34,67,43,0,12,510,83,6,10,144,73,238,90,93,50,29,26
119,53033011002,First Hill,Tract 011002,1382,57,149,71,436,109,519,112,136,63,142,62,274,78,56,36,180,77,38,30,0,12,0,12,327,107,44,43,114,76,130,82,39,33,0,12,227,78,0,12,27,21,113,59,58,37,29,30,554,83,49,57,115,65,238,76,39,32,113,56
120,53033011101,First Hill,Tract 011101,1913,84,322,106,738,120,518,109,200,75,135,69,563,121,172,83,391,93,0,17,0,17,0,17,537,125,116,83,144,56,213,81,45,37,19,23,343,110,20,23,92,61,164,65,56,49,11,17,470,71,14,21,111,64,141,68,99,44,105,64
121,53033011102,First Hill,Tract 011102,1601,98,102,54,439,109,801,129,216,81,43,33,320,95,73,50,200,85,35,35,12,18,0,12,652,133,14,18,109,61,434,119,90,49,5,8,202,80,7,12,73,46,81,51,41,36,0,12,427,88,8,14,57,42,251,82,73,54,38,32
122,53033011200,First Hill,Tract 011200,1436,94,276,109,565,131,401,119,135,53,59,51,428,111,170,88,172,85,64,45,0,12,22,37,468,100,86,60,135,60,173,74,74,42,0,12,236,71,0,12,140,64,45,30,20,23,31,34,304,86,20,30,118,75,119,74,41,34,6,14
123,53033011300,First Hill,Tract 011300,3021,108,398,151,1180,187,925,188,410,146,108,78,1141,183,328,128,688,165,66,65,59,60,0,17,868,180,70,72,214,100,452,118,109,73,23,36,457,175,0,17,121,99,171,120,131,89,34,35,555,130,0,17,157,113,236,123,111,120,51,60
124,53033011401,Capitol Hill,Tract 011401,1782,100,98,51,830,143,608,122,168,63,78,42,502,121,51,32,369,111,76,62,0,12,6,10,636,122,40,36,215,70,339,90,42,31,0,12,342,98,7,12,157,84,129,59,49,34,0,12,302,76,0,12,89,59,64,43,77,59,72,40
125,53033011402,Capitol Hill,Tract 011402,1999,65,454,113,838,161,608,121,86,37,13,17,785,122,301,77,448,107,36,45,0,12,0,12,589,119,81,64,187,75,313,86,8,12,0,12,387,108,36,49,109,54,192,90,50,25,0,12,238,65,36,51,94,69,67,45,28,24,13,17
126,53033011500,Broadway,Tract 011500,1984,82,42,38,716,117,918,127,205,67,103,68,592,123,20,23,468,108,104,66,0,12,0,12,766,111,22,24,144,49,516,98,84,41,0,12,339,103,0,12,82,62,170,76,78,46,9,14,287,68,0,12,22,24,128,59,43,26,94,67
127,53033011600,Capitol Hill,Tract 011600,3163,110,220,108,1088,201,1410,208,360,132,85,63,995,207,111,93,735,177,149,129,0,17,0,17,1177,171,35,43,245,105,737,150,133,72,27,33,530,159,74,46,74,54,252,118,107,61,23,36,461,92,0,17,34,40,272,86,120,88,35,36
128,53033011700,Broadway,Tract 011700,1642,117,44,57,433,127,545,126,349,106,271,102,253,90,44,57,98,57,64,63,8,14,39,48,387,96,0,17,161,61,153,63,59,40,14,21,296,96,0,17,54,39,85,55,131,75,26,27,706,132,0,17,120,83,243,80,151,67,192,99
129,53033011800,Capitol Hill,Tract 011800,2866,178,335,155,1071,243,993,220,267,119,200,103,739,192,132,102,550,177,57,54,0,17,0,17,852,173,45,49,356,143,391,119,60,51,0,17,475,169,56,66,76,56,271,137,72,68,0,17,800,175,102,86,89,91,274,137,135,75,200,103
130,53033011900,South Lake Union,Tract 011900,2587,153,46,45,876,186,1011,200,387,134,267,106,634,166,33,38,422,134,135,100,30,35,14,24,730,175,13,25,272,141,217,94,169,102,59,52,398,155,0,17,102,112,235,106,52,43,9,18,825,132,0,17,80,83,424,125,136,76,185,83
131,53033012000,Eastlake,Tract 012000,1532,63,36,28,522,105,752,125,156,64,66,41,468,100,26,24,331,98,106,62,5,9,0,12,593,120,10,15,161,75,326,93,83,47,13,20,208,76,0,12,17,27,120,54,31,29,40,34,263,61,0,12,13,15,200,69,37,27,13,16
132,53033012100,Westlake,Tract 012100,1181,67,13,15,331,85,575,94,167,59,95,54,277,75,6,10,221,61,36,29,14,17,0,12,605,99,0,12,96,64,391,76,65,33,53,48,127,55,7,11,0,12,59,39,41,32,20,25,172,34,0,12,14,21,89,39,47,36,22,25
133,53033020100,Belltown,Tract 020100,1286,50,15,18,255,60,673,99,290,81,53,30,298,69,10,16,218,61,70,41,0,12,0,12,553,98,0,12,10,15,396,94,147,72,0,12,221,65,0,12,24,24,93,45,85,45,19,20,214,41,5,8,3,7,114,36,58,27,34,22
134,53033020200,Denny Triangle,Tract 020200,2134,105,197,97,563,135,911,174,364,110,99,60,593,120,146,80,360,109,61,74,12,19,14,23,746,151,51,63,141,85,457,125,83,61,14,23,373,123,0,17,51,43,161,81,144,83,17,27,422,88,0,17,11,20,232,72,125,56,54,54
135,53033020300,Belltown,Tract 020300,3146,123,258,104,1584,230,835,191,404,136,65,48,1258,222,183,84,1001,200,21,33,53,81,0,17,871,183,75,62,294,132,386,122,106,55,10,16,504,164,0,17,188,106,173,101,108,96,35,32,513,146,0,17,101,73,255,134,137,73,20,27
136,53033020401,Central Business District,Tract 020401,1475,66,61,42,447,94,650,104,217,69,100,40,374,99,46,37,286,85,42,36,0,12,0,12,510,110,15,16,98,54,324,97,35,34,38,31,268,92,0,12,30,27,140,83,90,54,8,14,323,61,0,12,33,39,144,46,92,43,54,29
137,53033020402,Central Business District,Tract 020402,2234,98,181,87,536,125,1018,165,353,114,146,72,602,140,110,64,360,101,112,70,20,31,0,17,826,145,71,80,106,63,495,120,138,73,16,24,309,133,0,17,45,34,148,110,77,59,39,36,497,103,0,17,25,32,263,98,118,70,91,56
138,53033020500,Pike/Pine,Tract 020500,2844,115,263,126,813,204,1148,231,430,151,190,99,850,162,179,108,546,175,125,106,0,17,0,17,1122,211,70,58,161,83,684,204,140,100,67,75,463,123,14,22,83,60,154,87,145,77,67,53,409,89,0,17,23,18,185,89,145,80,56,45
139,53033020600,Pike/Pine,Tract 020600,1318,50,62,32,374,90,583,117,184,64,115,45,351,85,36,27,213,78,90,52,12,19,0,12,365,80,0,12,78,45,235,81,45,28,7,12,216,80,0,12,32,35,103,49,59,40,22,22,386,60,26,19,51,39,155,61,68,40,86,43
140,53033020700,First Hill,Tract 020700,1508,69,244,83,536,99,481,106,186,62,61,40,402,94,109,57,244,80,24,27,25,26,0,12,589,121,125,69,168,61,219,87,59,39,18,22,191,57,0,12,42,32,82,39,59,35,8,14,326,63,10,17,82,51,156,56,43,33,35,34
141,53033020800,International District,Tract 020800,1778,46,111,50,556,105,733,117,290,68,88,36,523,85,95,47,337,78,84,55,7,12,0,12,640,100,7,11,152,79,359,81,103,47,19,21,281,59,0,12,24,24,133,51,91,37,33,23,334,52,9,13,43,43,157,48,89,37,36,24
142,53033020900,Central Business District,Tract 020900,1411,72,58,34,450,93,481,95,329,95,93,43,409,83,38,28,293,76,42,29,36,37,0,12,502,90,0,12,128,50,260,77,97,50,17,22,180,73,20,21,9,14,100,60,51,35,0,12,320,66,0,12,20,22,79,35,145,74,76,40
143,53033021000,Pioneer Square,Tract 021000,2158,132,181,92,476,142,987,163,415,113,99,70,460,147,175,93,224,117,37,37,24,28,0,17,682,133,6,11,94,58,448,128,116,71,18,30,478,161,0,17,113,74,219,123,101,68,45,51,538,124,0,17,45,42,283,121,174,76,36,45
144,53033021100,Yesler Terrace,Tract 021100,1590,56,100,50,523,89,610,109,271,85,86,51,437,84,72,42,315,87,37,29,13,22,0,12,434,92,0,12,104,54,258,65,44,37,28,26,368,107,28,35,64,46,124,64,128,60,24,30,351,81,0,12,40,37,191,56,86,53,34,41
145,53033021300,Central Business District,Tract 021300,1756,70,193,76,636,124,716,114,136,55,75,46,720,117,176,75,466,103,78,45,0,12,0,12,475,97,17,22,109,57,319,85,14,18,16,14,282,97,0,12,39,38,184,80,49,38,10,16,279,82,0,12,22,25,135,65,73,44,49,41
146,53033021400,Central Business District,Tract 021400,1450,77,0,12,395,101,547,97,332,86,176,64,237,69,0,12,190,63,28,23,19,21,0,12,488,91,0,12,120,52,234,65,100,46,34,27,339,81,0,12,6,11,164,63,90,42,79,46,386,60,0,12,79,50,121,48,123,48,63,35
147,53033021500,Central Business District,Tract 021500,1744,89,16,18,299,73,951,114,284,74,194,76,278,82,0,12,192,67,76,50,0,12,10,16,775,111,8,12,54,35,486,95,184,66,43,37,309,90,8,14,45,46,129,52,52,35,75,45,382,68,0,12,8,13,260,65,48,27,66,44
148,53033021600,South Lake Union,Tract 021600,1849,106,48,34,420,89,882,125,298,98,201,81,303,80,22,25,238,71,43,43,0,17,0,17,677,118,17,19,102,53,417,98,96,61,45,29,430,88,0,17,80,40,208,64,132,68,10,14,439,89,9,15,0,17,214,69,70,45,146,71
149,53033021700,Denny Triangle,Tract 021700,3651,140,237,110,1203,229,1509,222,430,130,272,112,1214,208,210,108,798,189,149,111,44,42,13,20,1069,180,15,24,287,136,599,143,129,75,39,36,651,154,12,19,89,60,326,121,181,86,43,40,717,142,0,17,29,32,435,81,76,52,177,114
150,53033021802,Westlake,Tract 021802,2279,102,92,56,720,168,937,191,387,150,143,75,566,131,83,52,407,117,62,62,14,23,0,17,664,153,0,17,219,123,318,129,100,95,27,40,417,125,9,15,54,46,208,104,122,89,24,38,632,101,0,17,40,39,349,106,151,83,92,56
151,53033021803,South Lake Union,Tract 021803,2090,148,45,28,803,145,902,143,272,84,68,45,568,141,45,28,444,122,79,48,0,12,0,12,870,154,0,12,313,115,433,118,115,58,9,13,276,86,0,12,15,20,136,61,87,44,38,34,376,79,0,12,31,36,254,83,70,43,21,23
152,53033021804,South Lake Union,Tract 021804,1945,146,105,63,500,138,820,157,359,96,161,75,543,150,61,54,333,117,142,91,7,13,0,17,689,128,34,37,137,66,404,109,95,48,19,28,314,94,0,17,12,18,88,60,173,72,41,50,399,87,10,15,18,28,186,83,84,51,101,69
153,53033021903,Eastlake,Tract 021903,2501,143,116,109,946,172,1133,189,133,72,173,87,726,183,78,100,592,153,56,51,0,17,0,17,958,195,38,45,215,116,659,157,46,44,0,17,298,112,0,17,84,64,130,78,17,27,67,56,519,125,0,17,55,86,288,83,70,49,106,62
154,53033021904,South Lake Union,Tract 021904,1793,97,85,63,382,104,919,127,280,74,127,38,338,95,17,19,254,86,59,47,0,17,8,14,657,103,68,57,63,35,460,96,57,35,9,14,301,90,0,17,56,45,160,73,67,39,18,19,497,55,0,17,9,14,240,51,156,60,92,35
155,53033021905,Westlake,Tract 021905,2238,83,53,37,758,150,1031,154,295,119,101,63,535,151,10,17,439,128,30,33,56,88,0,17,781,161,18,29,149,75,577,143,37,42,0,17,425,132,9,15,136,77,154,89,105,73,21,33,497,142,16,26,34,37,270,117,97,62,80,65
156,53033021906,Eastlake,Tract 021906,1717,86,57,49,589,99,728,133,272,83,71,42,381,83,21,22,337,83,23,25,0,12,0,12,639,114,36,43,128,51,377,105,98,54,0,12,312,106,0,12,77,69,156,60,73,48,6,10,385,80,0,12,47,52,172,69,101,48,65,41
157,53033022001,Belltown,Tract 022001,2323,105,429,124,501,129,1005,165,251,81,137,80,705,180,303,104,227,87,175,125,0,17,0,17,865,180,110,85,167,105,464,150,124,69,0,17,337,114,16,24,56,52,199,98,29,33,37,41,416,107,0,17,51,61,167,66,98,61,100,73
158,53033022003,Denny Triangle,Tract 022003,1933,95,44,31,513,127,897,143,332,82,147,53,331,91,31,27,247,81,47,31,6,9,0,17,865,142,13,14,131,86,533,102,153,61,35,30,286,90,0,17,32,38,125,57,87,40,42,30,451,114,0,17,103,63,192,76,86,46,70,42
159,53033022005,South Lake Union,Tract 022005,2195,91,137,113,965,201,948,190,112,69,33,40,759,157,95,102,629,165,35,42,0,12,0,12,663,152,20,33,156,101,425,134,45,42,17,28,362,130,0,12,89,64,231,114,42,33,0,12,411,79,22,35,91,58,257,84,25,31,16,27
160,53033022006,Westlake,Tract 022006,1747,88,108,74,682,126,690,104,222,86,45,32,636,116,76,77,500,119,41,32,19,23,0,12,559,103,18,21,87,49,400,82,54,40,0,12,313,91,0,12,90,71,138,52,64,52,21,24,239,79,14,23,5,10,111,49,85,57,24,22
161,53033022101,Lower Queen Anne,Tract 022101,1795,92,72,68,391,83,839,105,405,88,88,44,303,64,31,37,238,63,26,24,8,12,0,12,699,112,26,40,96,45,457,101,101,49,19,21,322,87,9,14,46,33,159,62,92,48,16,17,471,66,6,11,11,14,197,53,204,53,53,36
162,53033022102,Lower Queen Anne,Tract 022102,2384,132,52,47,451,119,1114,194,510,153,257,86,494,129,29,34,308,105,125,67,32,37,0,17,768,139,0,17,78,55,446,123,195,75,49,44,356,116,0,17,0,17,169,74,77,54,110,68,766,98,23,33,65,52,374,102,206,126,98,59
163,53033022201,Interbay,Tract 022201,1700,64,61,46,435,96,731,118,368,93,105,51,369,86,61,46,260,75,33,27,15,18,0,12,645,95,0,12,119,61,377,87,122,49,27,24,304,87,0,12,17,21,146,64,141,59,0,12,382,81,0,12,39,40,175,64,90,51,78,39
164,53033022202,Interbay,Tract 022202,3401,159,107,66,1490,201,1274,165,402,117,128,106,1081,206,47,43,945,216,89,52,0,17,0,17,1338,244,36,41,482,168,587,160,200,92,33,38,498,170,19,28,45,42,247,125,118,64,69,88,484,112,5,10,18,27,351,105,84,57,26,31
165,53033022203,Magnolia,Tract 022203,1842,87,28,27,302,93,984,118,393,84,135,66,280,89,21,24,201,76,51,35,0,12,7,13,768,91,7,12,101,53,544,97,108,48,8,14,261,70,0,12,0,12,103,49,132,52,26,24,533,75,0,12,0,12,286,60,153,56,94,58
166,53033022300,,Tract 022300,1056,65,0,12,92,40,633,90,255,64,76,39,112,43,0,12,43,29,58,33,11,16,0,12,497,73,0,12,32,25,368,75,73,33,24,22,256,77,0,12,17,19,87,44,120,60,32,25,191,45,0,12,0,12,120,36,51,37,20,21
167,53033022400,,Tract 022400,3682,212,257,135,1051,200,1598,234,625,175,151,72,1036,196,171,100,777,161,58,46,30,34,0,17,1400,209,67,61,238,116,884,167,200,96,11,18,608,149,19,31,0,17,339,124,217,119,33,38,638,128,0,17,36,40,317,96,178,85,107,61
168,53033022500,,Tract 022500,3998,194,265,127,1616,194,1661,232,317,153,139,80,1574,238,217,122,1134,202,163,101,60,57,0,17,1358,222,35,39,339,127,876,203,108,103,0,17,489,144,0,17,109,62,330,126,33,37,17,25,577,136,13,21,34,52,292,78,116,96,122,77
169,53033022603,,Tract 022603,2499,94,177,104,818,204,1034,186,335,146,135,89,675,151,177,104,416,156,82,68,0,17,0,17,834,193,0,17,211,131,516,139,107,67,0,17,497,175,0,17,139,100,205,111,74,55,79,82,493,132,0,17,52,44,231,80,154,107,56,45
170,53033022604,,Tract 022604,1861,61,23,21,560,111,836,120,308,82,134,51,407,115,10,17,317,100,80,59,0,17,0,17,575,117,0,17,163,69,339,80,55,39,18,19,327,84,0,17,52,37,143,69,93,43,39,36,552,104,13,22,28,25,274,79,160,76,77,38
171,53033022605,,Tract 022605,2595,107,67,55,1111,175,1190,197,164,81,63,45,624,138,0,17,499,130,110,74,15,25,0,17,1041,183,67,55,278,147,638,148,45,40,13,20,489,153,0,17,185,101,232,132,56,51,16,25,441,103,0,17,149,82,210,96,48,45,34,40
172,53033022606,,Tract 022606,2368,142,89,59,754,172,991,149,318,113,216,92,578,141,52,42,423,136,54,50,32,34,17,29,717,151,0,17,168,98,430,121,119,79,0,17,614,134,37,40,136,74,304,125,72,66,65,44,459,114,0,17,27,35,203,86,95,64,134,76
173,53033022701,,Tract 022701,1615,99,98,46,689,107,672,106,128,49,28,23,617,121,67,35,497,110,41,32,12,19,0,12,609,87,18,20,77,42,459,94,43,30,12,14,180,65,0,12,52,49,77,42,35,26,16,19,209,65,13,20,63,54,95,36,38,27,0,12
174,53033022702,,Tract 022702,1395,79,33,30,381,91,599,116,288,81,94,46,339,79,28,28,274,73,37,30,0,12,0,12,501,83,5,9,62,54,320,82,85,37,29,26,172,61,0,12,20,24,69,46,63,39,20,22,383,81,0,12,25,28,173,67,140,72,45,30
175,53033022703,,Tract 022703,819,83,22,19,217,64,408,66,132,37,40,22,134,49,12,14,116,43,6,10,0,12,0,12,260,54,7,12,60,30,159,43,18,15,16,14,177,38,0,12,12,12,76,28,79,28,10,11,248,50,3,6,29,26,167,48,35,23,14,12
176,53033022801,,Tract 022801,3950,159,440,172,2313,247,788,192,269,137,140,90,1169,219,204,127,890,203,45,58,30,34,0,17,1120,233,103,68,540,180,377,141,86,83,14,23,1020,222,104,105,616,206,160,92,63,74,77,76,641,163,29,31,267,125,206,93,90,78,49,46
177,53033022802,,Tract 022802,2106,71,87,59,655,113,1022,129,258,81,84,39,477,98,60,55,324,89,67,52,26,28,0,17,713,102,17,18,156,65,480,91,60,39,0,17,490,114,0,17,160,70,220,87,80,40,30,22,426,82,10,14,15,22,255,70,92,53,54,34
178,53033022803,,Tract 022803,2479,181,296,127,1296,191,617,160,233,90,37,39,660,178,156,92,504,156,0,17,0,17,0,17,776,201,33,38,402,155,269,130,58,40,14,22,457,122,53,60,222,97,82,65,100,60,0,17,586,159,54,42,168,90,266,126,75,61,23,33
179,53033022901,,Tract 022901,1041,48,0,12,282,67,499,94,222,81,38,28,190,58,0,12,160,54,30,26,0,12,0,12,419,69,0,12,76,40,247,66,86,42,10,16,219,63,0,12,21,22,111,52,69,51,18,20,213,34,0,12,25,27,111,37,67,38,10,13
180,53033022902,,Tract 022902,2409,154,37,40,779,165,1270,162,265,110,58,44,356,114,0,17,356,114,0,17,0,17,0,17,941,158,16,26,216,102,568,125,115,79,26,30,466,154,0,17,156,87,234,98,76,63,0,17,646,137,21,32,51,77,468,129,74,51,32,31
181,53033023000,,Tract 023000,2094,101,108,51,543,122,924,117,417,94,102,50,410,100,85,44,277,90,48,33,0,17,0,17,730,104,13,22,196,81,401,85,105,42,15,21,369,89,0,17,60,43,170,68,111,55,28,28,585,65,10,15,10,14,305,68,201,69,59,38
182,53033023100,,Tract 023100,1437,58,56,36,299,79,753,104,215,70,114,51,249,76,40,32,167,66,42,30,0,12,0,12,533,93,16,18,43,29,373,97,81,48,20,20,152,66,0,12,28,30,68,44,35,28,21,22,503,72,0,12,61,40,270,72,99,48,73,45
183,53033023201,,Tract 023201,2640,171,339,168,1484,227,526,139,205,94,86,90,705,183,173,114,482,156,38,36,12,19,0,17,761,197,66,51,475,190,165,86,44,69,11,19,574,186,15,23,340,162,144,71,66,50,9,13,600,120,85,104,187,91,179,80,83,58,66,88
184,53033023202,,Tract 023202,1876,96,409,109,599,117,649,120,108,51,111,88,692,118,353,105,267,82,65,42,7,11,0,12,404,92,24,18,114,58,214,74,41,34,11,18,357,87,10,19,128,59,135,65,22,23,62,74,423,81,22,23,90,63,235,90,38,31,38,30
185,53033023300,,Tract 023300,2343,106,69,70,587,164,1064,196,469,116,154,88,414,147,69,70,233,98,86,86,11,18,15,25,912,187,0,17,299,146,459,129,154,106,0,17,305,143,0,17,0,17,158,116,147,68,0,17,712,109,0,17,55,54,361,104,157,81,139,82
186,53033023401,,Tract 023401,1569,67,193,77,580,98,671,103,102,56,23,25,460,95,134,77,291,72,35,26,0,12,0,12,469,84,59,50,158,64,229,73,11,19,12,14,265,101,0,12,118,60,124,74,23,26,0,12,375,56,0,12,13,16,283,55,68,43,11,17
187,53033023403,,Tract 023403,1589,66,31,23,336,83,781,115,341,88,100,50,322,70,24,20,227,69,63,36,8,12,0,12,549,90,7,12,40,26,372,85,112,50,18,19,348,105,0,12,35,27,151,62,116,66,46,36,370,80,0,12,34,29,195,75,105,50,36,33
188,53033023404,,Tract 023404,1182,79,39,39,191,64,564,93,290,69,98,50,199,70,29,35,127,58,35,29,8,11,0,12,362,89,0,12,26,22,212,75,102,45,22,33,192,70,10,16,12,15,75,48,89,46,6,10,429,63,0,12,26,23,242,44,91,43,70,33
189,53033023500,,Tract 023500,1514,76,17,19,501,106,733,117,184,71,79,41,302,78,17,19,205,79,80,43,0,12,0,12,571,85,0,12,159,78,326,85,69,53,17,14,300,88,0,12,71,48,138,80,60,34,31,29,341,71,0,12,66,38,189,68,55,39,31,29
190,53033023601,,Tract 023601,1786,68,89,57,736,115,771,125,137,56,53,32,530,115,23,24,458,106,49,45,0,12,0,12,687,112,42,48,164,66,430,101,25,26,26,24,267,92,13,21,80,50,140,78,27,21,7,11,302,95,11,18,34,34,152,73,85,53,20,20
191,53033023603,,Tract 023603,2623,130,334,170,1215,213,788,176,63,48,223,136,685,199,177,132,489,167,19,29,0,17,0,17,738,191,45,48,304,113,350,132,28,33,11,18,645,182,75,88,283,140,206,109,26,31,55,79,555,159,37,41,139,73,213,109,9,15,157,103
192,53033023604,,Tract 023604,2639,140,139,68,1206,208,860,172,303,136,131,90,647,149,139,68,421,134,87,67,0,17,0,17,959,177,0,17,551,162,326,112,65,44,17,27,461,154,0,17,173,84,187,111,101,89,0,17,572,133,0,17,61,52,260,92,137,113,114,85
193,53033023700,,Tract 023700,1739,67,23,24,570,118,828,118,202,62,116,61,397,112,0,12,374,107,23,24,0,12,0,12,629,102,9,15,97,40,414,104,64,38,45,36,347,103,0,12,79,58,146,67,86,46,36,38,366,72,14,20,20,20,245,63,52,29,35,28
194,53033023801,,Tract 023801,1358,94,37,34,734,124,507,103,53,35,27,28,387,112,27,31,284,89,63,47,0,12,13,19,536,127,10,15,273,110,228,82,25,20,0,12,256,93,0,12,133,70,103,64,20,24,0,12,179,51,0,12,44,30,113,50,8,14,14,20
195,53033023803,,Tract 023803,3078,221,683,205,1893,240,337,143,148,89,17,28,1482,234,410,144,996,204,59,77,0,17,17,28,1230,242,260,142,693,196,255,112,22,37,0,17,223,136,0,17,153,121,23,39,47,63,0,17,143,85,13,23,51,62,0,17,79,54,0,17
196,53033023804,,Tract 023804,4426,277,641,191,2732,290,932,208,121,104,0,17,2116,291,560,171,1491,253,65,52,0,17,0,17,1837,288,81,64,1026,265,644,180,86,95,0,17,341,134,0,17,181,116,125,78,35,41,0,17,132,83,0,17,34,38,98,71,0,17,0,17
197,53033023900,,Tract 023900,2820,145,71,48,774,174,1477,205,415,107,83,52,529,171,13,24,448,164,67,49,1,2,0,17,1304,220,40,33,265,101,844,199,136,69,19,30,301,100,0,17,40,42,134,84,97,57,30,29,686,134,18,26,21,30,432,126,181,79,34,27
198,53033024000,,Tract 024000,3361,153,42,43,1393,200,1440,228,314,113,172,86,1160,197,42,43,914,181,197,135,7,11,0,17,1035,193,0,17,243,94,628,164,121,67,43,40,447,137,0,17,138,82,254,119,36,44,19,33,719,119,0,17,98,72,361,107,150,86,110,74
199,53033024100,,Tract 024100,1708,58,30,20,203,41,756,70,515,55,204,40,211,46,16,15,126,32,61,27,5,5,3,6,650,62,2,3,49,21,348,50,183,36,68,22,283,44,6,8,21,17,119,32,83,29,54,25,564,44,6,8,7,7,228,41,244,35,79,26
200,53033024200,,Tract 024200,1184,65,13,10,224,73,552,68,277,52,118,39,215,72,7,11,179,65,15,16,14,16,0,12,397,62,0,12,21,18,235,49,114,38,27,17,172,47,6,8,20,17,54,27,56,26,36,20,400,43,0,12,4,7,248,55,93,35,55,30
201,53033024300,,Tract 024300,4031,179,399,148,1377,258,1653,249,355,118,247,103,1406,228,331,144,925,207,143,98,0,17,7,13,1409,229,53,38,335,142,799,186,163,99,59,51,695,162,0,17,99,96,440,144,101,65,55,48,521,120,15,24,18,28,271,110,91,61,126,75
202,53033024400,,Tract 024400,1355,101,179,69,477,91,462,86,127,47,110,54,483,91,156,70,319,69,8,12,0,12,0,12,438,85,16,18,95,55,279,78,36,29,12,20,149,63,0,12,33,42,85,42,31,32,0,12,285,48,7,13,30,31,90,51,60,39,98,48
203,53033024500,,Tract 024500,1747,82,0,17,168,54,999,115,472,96,108,46,201,59,0,17,133,47,68,37,0,17,0,17,546,93,0,17,26,22,414,86,97,47,9,12,392,93,0,17,9,15,209,85,143,53,31,27,608,84,0,17,0,17,308,80,232,75,68,39
204,53033024601,,Tract 024601,1645,76,9,15,202,64,768,93,546,96,120,43,172,62,9,15,130,55,21,24,12,18,0,12,711,88,0,12,59,37,400,69,213,58,39,30,275,97,0,12,13,15,68,46,157,75,37,31,487,59,0,12,0,12,279,62,164,63,44,31
205,53033024602,,Tract 024602,1345,58,5,8,206,71,732,91,345,87,57,41,124,52,0,12,59,40,47,37,18,22,0,12,494,81,0,12,45,35,301,72,141,60,7,13,269,76,5,8,89,48,89,54,67,39,19,28,458,67,0,12,13,17,295,64,119,54,31,26
206,53033024701,,Tract 024701,1404,100,47,35,434,105,595,115,252,94,76,41,289,79,31,30,197,70,44,32,9,15,8,12,361,86,0,12,110,59,202,69,49,45,0,12,219,73,0,12,12,20,118,49,79,46,10,16,535,125,16,20,115,68,231,89,115,75,58,34
207,53033024702,,Tract 024702,2984,108,38,42,688,172,1478,203,580,121,200,109,593,157,21,33,393,143,123,87,31,34,25,38,1100,181,17,26,196,94,600,149,260,101,27,31,721,137,0,17,66,52,380,134,227,102,48,45,570,139,0,17,33,39,375,110,62,46,100,80
208,53033024800,,Tract 024800,2164,148,60,57,849,194,890,160,228,92,137,72,507,145,25,31,410,139,72,55,0,17,0,17,540,173,0,17,116,90,341,118,54,50,29,33,524,177,0,17,197,140,194,93,68,55,65,61,593,103,35,56,126,79,283,83,106,61,43,43
209,53033024901,,Tract 024901,1863,43,23,26,281,78,1047,104,417,81,95,43,237,67,0,17,130,50,98,46,9,14,0,17,552,88,23,26,55,34,365,80,82,44,27,21,463,107,0,17,82,57,204,96,161,66,16,13,611,93,0,17,14,15,380,84,165,60,52,36
210,53033024902,,Tract 024902,1335,78,25,23,239,73,701,92,278,80,92,46,146,62,0,12,120,55,26,25,0,12,0,12,385,77,8,12,28,22,255,65,94,54,0,12,284,75,10,15,32,29,135,55,79,46,28,26,520,66,7,11,59,40,285,60,105,40,64,37
211,53033024903,,Tract 024903,2346,112,13,20,245,98,1190,161,676,153,222,81,219,101,0,17,157,87,62,55,0,17,0,17,743,146,0,17,48,44,504,125,156,89,35,39,537,121,0,17,13,21,129,65,338,96,57,50,847,114,13,20,27,27,495,113,182,103,130,70
212,53033025001,,Tract 025001,1927,69,0,17,474,91,906,92,355,82,192,68,383,92,0,17,294,85,79,38,10,16,0,17,672,99,0,17,100,44,504,86,49,33,19,21,415,99,0,17,80,45,132,56,132,58,71,51,457,93,0,17,0,17,191,51,164,68,102,49
213,53033025003,,Tract 025003,2603,149,0,17,649,182,1176,212,475,148,303,161,369,121,0,17,287,126,21,32,0,17,61,92,1127,153,0,17,203,90,658,167,197,86,69,83,466,155,0,17,43,41,231,113,157,80,35,42,641,143,0,17,116,84,266,86,121,79,138,108
214,53033025005,,Tract 025005,1981,118,103,44,550,110,846,121,371,87,111,51,493,115,86,43,344,104,44,34,19,22,0,17,623,99,9,13,122,50,374,87,95,45,23,19,314,75,8,13,53,41,162,63,63,39,28,26,551,72,0,17,31,25,266,61,194,61,60,36
215,53033025006,,Tract 025006,2429,149,51,60,653,156,1048,199,590,171,87,60,502,160,35,55,366,132,55,47,46,66,0,17,886,193,0,17,183,99,520,158,155,97,28,34,501,151,16,26,76,65,187,96,193,108,29,32,540,109,0,17,28,29,286,91,196,81,30,36
216,53033025101,,Tract 025101,2129,107,86,92,547,146,984,185,297,120,215,105,262,99,39,63,207,83,16,26,0,17,0,17,689,162,0,17,192,106,437,143,48,32,12,20,347,134,0,17,55,49,120,90,133,88,39,60,831,140,47,73,93,79,411,121,116,65,164,88
217,53033025102,,Tract 025102,2826,136,0,17,734,219,1578,237,399,133,115,62,344,147,0,17,189,94,155,109,0,17,0,17,916,216,0,17,297,135,488,159,88,81,43,41,820,220,0,17,248,171,448,171,120,68,4,12,746,148,0,17,0,17,487,133,191,81,68,49
218,53033025200,,Tract 025200,3311,98,182,100,658,136,1613,195,481,138,377,104,707,154,112,58,398,124,160,87,21,37,16,26,935,170,60,77,91,57,581,157,172,80,31,29,777,193,0,17,137,90,419,151,91,56,130,87,892,137,10,16,32,24,453,128,197,102,200,101
219,53033025301,,Tract 025301,3088,115,239,127,1275,188,992,181,503,171,79,70,1303,207,152,117,1012,175,110,69,29,61,0,17,1070,207,87,76,157,94,678,182,138,100,10,17,428,133,0,17,106,72,121,64,201,93,0,17,287,111,0,17,0,17,83,66,135,94,69,69
220,53033025302,,Tract 025302,2739,161,630,197,1413,237,620,163,32,32,44,51,1325,198,485,157,809,177,31,35,0,17,0,17,918,202,145,92,351,161,410,125,12,19,0,17,153,113,0,17,97,106,36,33,20,25,0,17,343,130,0,17,156,103,143,91,0,17,44,51
221,53033025400,,Tract 025400,3044,152,236,110,1175,238,1240,215,209,91,184,102,902,211,123,71,596,200,157,109,26,31,0,17,1149,236,96,87,418,166,580,166,38,36,17,28,317,141,17,28,41,41,221,122,38,41,0,17,676,163,0,17,120,93,282,138,107,75,167,103
222,53033025500,,Tract 025500,1963,83,179,92,587,131,770,125,324,110,103,46,708,128,133,85,394,109,148,77,33,51,0,12,576,132,31,28,106,45,345,114,78,58,16,20,293,110,0,12,58,53,125,85,95,55,15,21,386,93,15,20,29,28,152,78,118,60,72,41
223,53033025601,,Tract 025601,1982,61,78,52,467,125,942,146,349,133,146,62,454,113,62,49,265,96,98,71,19,21,10,17,656,128,16,18,112,61,457,127,63,57,8,12,282,116,0,17,13,21,118,60,137,99,14,17,590,114,0,17,77,69,269,93,130,75,114,56
224,53033025602,,Tract 025602,2113,103,0,17,429,133,1127,129,329,99,228,81,365,111,0,17,311,109,54,48,0,17,0,17,561,121,0,17,26,34,425,111,72,52,38,45,421,117,0,17,39,39,214,98,123,64,45,40,766,119,0,17,53,60,434,104,134,63,145,75
225,53033025701,,Tract 025701,2966,115,287,115,1400,208,1032,205,213,98,34,33,1176,174,159,101,957,189,47,46,0,17,13,21,1016,188,116,87,379,174,483,150,38,36,0,17,500,168,12,19,57,44,326,146,93,67,12,20,274,85,0,17,7,11,176,80,82,55,9,15
226,53033025702,,Tract 025702,1271,55,8,13,251,60,594,90,252,69,166,65,274,64,0,12,194,61,70,51,0,12,10,16,425,93,8,13,57,29,262,80,93,44,5,8,211,77,0,12,0,12,123,66,68,43,20,20,361,59,0,12,0,12,139,48,91,50,131,58
227,53033025803,,Tract 025803,1712,98,103,54,638,129,525,103,316,105,130,75,479,112,40,30,338,94,62,47,39,48,0,12,530,108,35,40,142,57,278,82,65,46,10,16,279,114,0,12,91,74,58,49,103,68,27,24,424,99,28,35,67,54,127,57,109,60,93,72
228,53033025804,,Tract 025804,1142,98,81,50,108,49,453,98,273,71,227,78,210,73,35,31,64,39,79,43,32,41,0,12,337,97,31,30,23,21,182,59,32,23,69,63,180,65,7,12,0,12,96,54,64,34,13,15,415,71,8,12,21,22,96,54,145,59,145,57
229,53033025805,,Tract 025805,2009,110,89,73,647,154,909,188,252,98,112,61,606,126,62,61,430,122,83,47,25,24,6,11,549,145,0,17,91,63,369,124,72,54,17,27,407,160,27,39,48,46,209,122,107,72,16,23,447,110,0,17,78,71,248,104,48,48,73,50
230,53033025806,,Tract 025806,1827,103,22,24,705,126,748,123,267,86,85,40,275,96,0,17,237,87,38,30,0,17,0,17,713,129,17,21,253,93,369,96,52,31,22,21,275,86,5,10,101,61,93,49,56,37,20,19,564,121,0,17,114,67,248,88,159,83,43,34
231,53033026001,,Tract 026001,2118,107,52,40,429,120,1103,188,439,134,95,54,431,133,32,29,229,89,170,117,0,17,0,17,897,155,20,24,136,59,622,160,119,55,0,17,253,77,0,17,55,41,98,52,100,46,0,17,537,89,0,17,9,16,213,74,220,101,95,54
232,53033026002,,Tract 026002,3061,155,422,129,1128,223,1084,249,315,133,112,70,703,207,82,68,538,190,83,73,0,17,0,17,1037,237,147,103,216,108,576,190,74,59,24,30,607,215,158,127,116,104,212,124,95,80,26,34,714,210,35,59,258,134,213,126,146,92,62,59
233,53033026100,,Tract 026100,2914,170,211,134,1032,198,1227,269,295,135,149,122,689,191,115,104,425,148,128,108,21,27,0,17,963,250,22,38,300,152,553,209,59,47,29,26,634,204,56,90,146,113,332,155,83,72,17,29,628,183,18,29,161,88,214,110,132,96,103,115
234,53033026200,,Tract 026200,2243,145,119,66,916,188,948,177,186,108,74,62,774,200,72,52,634,183,68,45,0,17,0,17,574,150,18,27,177,78,361,132,18,32,0,17,520,205,29,35,70,92,319,169,84,78,18,30,375,105,0,17,35,54,200,69,84,67,56,50
235,53033026300,,Tract 026300,547,50,0,12,151,41,227,56,60,32,109,43,156,48,0,12,85,31,56,34,8,12,7,10,131,45,0,12,37,30,51,29,16,15,27,26,87,44,0,12,21,23,36,29,11,14,19,25,173,32,0,12,8,12,84,38,25,23,56,29
236,53033026400,,Tract 026400,2449,123,162,110,1099,223,829,200,202,125,157,100,886,180,129,105,605,182,138,104,0,17,14,23,625,183,33,38,206,109,313,116,73,81,0,17,405,169,0,17,70,84,201,117,109,92,25,35,533,178,0,17,218,121,177,124,20,33,118,90
237,53033026500,,Tract 026500,1509,78,315,129,570,138,324,100,161,79,139,56,322,114,112,77,174,94,28,31,8,14,0,12,564,131,160,100,202,93,79,42,19,21,104,51,208,87,23,39,75,56,52,39,58,45,0,12,415,116,20,33,119,55,165,76,76,57,35,43
238,53033026600,,Tract 026600,913,44,27,41,210,64,370,81,253,69,53,34,157,51,0,12,120,42,37,28,0,12,0,12,314,68,27,41,56,33,159,52,72,46,0,12,235,68,0,12,30,36,103,44,65,43,37,27,207,62,0,12,4,7,71,39,116,58,16,19
239,53033026700,,Tract 026700,1944,172,27,33,439,143,1026,170,356,147,96,74,405,142,27,33,256,113,58,66,64,64,0,17,684,162,0,17,155,88,372,112,116,79,41,45,334,146,0,17,28,42,197,113,109,80,0,17,521,122,0,17,0,17,399,110,67,58,55,60
240,53033026801,,Tract 026801,2159,142,476,166,638,168,474,168,414,157,157,107,586,176,204,126,372,133,10,15,0,17,0,17,785,226,217,129,114,89,299,142,83,67,72,71,224,135,55,69,51,63,44,44,74,63,0,17,564,172,0,17,101,94,121,88,257,144,85,84
241,53033026802,,Tract 026802,1808,123,186,97,547,131,610,151,296,97,169,87,448,121,124,78,240,93,74,60,10,15,0,17,387,109,0,17,118,74,185,78,75,36,9,15,375,114,42,40,115,76,166,81,31,27,21,22,598,118,20,21,74,50,185,85,180,94,139,84
242,53033027000,,Tract 027000,1171,59,51,33,380,102,293,80,205,58,242,77,304,82,33,23,200,76,35,29,0,12,36,30,407,85,0,12,67,43,200,65,69,35,71,55,156,76,0,12,65,60,22,24,52,46,17,21,304,56,18,19,48,47,36,28,84,52,118,58
243,53033027100,,Tract 027100,1280,71,204,95,407,120,470,118,81,67,118,61,479,106,158,83,273,104,40,36,0,12,8,13,227,79,43,34,85,52,99,51,0,12,0,12,146,69,3,13,0,12,101,63,18,26,24,37,428,83,0,12,49,59,230,86,63,65,86,46
244,53033027200,,Tract 027200,827,67,60,36,314,71,232,64,125,45,96,45,175,51,30,25,99,38,38,25,8,8,0,12,215,64,19,24,40,23,107,54,35,27,14,12,148,52,6,9,68,38,37,27,34,23,3,6,289,57,5,8,107,54,50,28,48,34,79,41
245,53033027300,,Tract 027300,1831,95,170,75,539,128,590,132,294,113,238,107,248,79,26,26,167,72,33,27,12,12,10,12,680,132,16,20,219,99,319,111,123,67,3,6,352,100,50,44,55,37,127,64,39,27,81,58,551,95,78,53,98,67,111,57,120,68,144,73
246,53033027400,,Tract 027400,1801,98,108,55,322,96,593,114,397,101,381,110,416,111,88,59,185,82,95,58,20,23,28,42,522,119,20,22,57,53,266,78,129,67,50,53,320,113,0,17,33,39,104,49,89,46,94,77,543,95,0,17,47,49,128,51,159,62,209,74
247,53033027500,,Tract 027500,1751,102,128,66,579,126,613,157,173,68,258,115,490,101,128,66,276,84,74,41,12,16,0,12,560,112,0,12,161,69,264,87,60,40,75,68,216,90,0,12,53,49,68,54,49,45,46,38,485,87,0,12,89,49,207,96,52,39,137,97
248,53033027600,,Tract 027600,1704,87,139,80,526,135,642,131,238,86,159,53,334,99,68,54,223,69,43,37,0,12,0,12,678,162,12,18,206,122,316,100,100,53,44,41,260,120,59,64,31,51,90,71,56,41,24,26,432,85,0,12,66,42,193,60,82,67,91,48
249,53033027701,,Tract 027701,2166,189,175,133,442,149,872,202,480,141,197,97,767,199,158,133,237,134,250,142,90,89,32,36,730,172,17,28,135,72,376,128,157,82,45,41,245,85,0,17,48,47,59,51,97,70,41,42,424,85,0,17,22,31,187,92,136,66,79,59
250,53033027702,,Tract 027702,2335,191,33,36,722,188,968,220,358,119,254,93,774,200,33,36,492,168,164,103,65,79,20,32,1033,202,0,17,172,71,622,183,181,85,58,50,148,83,0,17,44,61,55,51,17,28,32,35,380,84,0,17,14,24,127,70,95,58,144,85
251,53033027800,,Tract 027800,1413,60,24,23,298,82,667,91,346,75,78,46,245,81,7,12,214,75,24,22,0,12,0,12,690,91,17,20,58,35,427,84,171,70,17,18,276,89,0,12,0,12,117,67,150,62,9,14,202,72,0,12,26,30,99,61,25,22,52,41
252,53033027900,,Tract 027900,3206,152,324,139,1306,233,1106,181,265,124,205,88,1218,236,286,138,747,203,174,121,11,18,0,17,976,219,38,42,385,147,450,161,53,42,50,41,323,139,0,17,38,38,187,97,44,62,54,46,689,157,0,17,136,115,295,104,157,105,101,73
253,53033028000,,Tract 028000,1604,63,259,89,647,130,523,113,103,52,72,35,504,120,146,62,314,99,44,47,0,12,0,12,360,90,36,27,192,76,114,54,18,21,0,12,356,121,57,50,132,82,121,64,28,36,18,19,384,75,20,34,9,15,244,76,57,36,54,35
254,53033028100,,Tract 028100,813,45,93,41,289,77,220,72,90,38,121,53,162,56,64,35,71,44,18,18,9,9,0,12,183,49,25,25,88,42,54,33,8,12,8,12,242,64,4,8,85,51,86,48,36,31,31,21,226,45,0,12,45,36,62,49,37,30,82,43
255,53033028200,,Tract 028200,1806,123,192,103,816,148,490,127,154,55,154,68,595,145,114,79,406,121,50,49,0,12,25,38,439,131,23,27,200,113,150,67,57,39,9,14,299,107,0,12,66,53,110,71,70,39,53,53,473,106,55,57,144,69,180,94,27,21,67,48
256,53033028300,,Tract 028300,1958,109,69,45,433,126,931,125,297,76,228,81,526,122,30,28,314,112,135,86,9,13,38,38,666,115,22,24,39,28,471,108,75,39,59,38,257,95,0,17,44,40,123,58,82,67,8,13,509,95,17,27,36,27,202,85,131,55,123,59
257,53033028402,,Tract 028402,1725,127,193,89,581,132,580,135,210,80,161,63,429,118,86,53,193,77,126,76,8,15,16,17,401,105,76,52,150,73,99,62,53,35,23,22,408,128,25,42,193,89,113,72,71,55,6,9,487,105,6,11,45,46,242,83,78,52,116,54
258,53033028403,,Tract 028403,2105,142,126,86,973,190,653,180,330,98,23,30,791,179,69,64,654,168,68,74,0,17,0,17,545,168,57,62,151,100,274,121,51,44,12,20,257,128,0,17,68,88,75,60,114,73,0,17,512,122,0,17,100,76,236,114,165,62,11,21
259,53033028500,,Tract 028500,1666,109,75,60,467,96,705,138,304,98,115,71,334,93,48,47,249,82,18,22,8,13,11,16,664,134,27,35,210,88,284,92,122,68,21,20,306,120,0,12,0,12,193,99,82,56,31,41,362,103,0,12,8,16,210,79,92,55,52,55
260,53033028600,,Tract 028600,2837,206,334,125,637,163,887,167,549,167,430,123,877,172,316,123,439,141,92,83,13,22,17,29,1027,182,18,28,139,83,556,148,219,105,95,66,451,156,0,17,43,40,79,55,220,127,109,71,482,112,0,17,16,26,160,102,97,57,209,90
261,53033028700,,Tract 028700,1795,92,36,47,413,120,657,124,404,90,285,66,313,93,7,11,220,92,69,56,17,18,0,17,679,107,29,45,107,55,287,72,180,62,76,42,271,86,0,17,51,45,121,69,67,36,32,25,532,76,0,17,35,36,180,80,140,54,177,50
262,53033028801,,Tract 028801,789,57,120,45,168,45,255,80,140,35,106,46,283,52,115,44,119,39,40,31,9,11,0,12,212,48,5,7,34,23,122,47,15,16,36,34,53,25,0,12,10,11,17,19,26,21,0,12,241,41,0,12,5,12,76,51,90,28,70,34
263,53033028802,,Tract 028802,2272,142,220,127,953,212,612,181,283,131,204,119,552,177,66,46,406,149,65,66,0,17,15,25,742,193,78,86,292,135,186,91,186,104,0,17,289,136,0,17,63,81,139,89,77,56,10,20,689,159,76,85,192,133,222,108,20,28,179,117
264,53033028901,,Tract 028901,1609,100,57,47,751,132,456,128,254,103,91,46,601,105,25,24,499,113,44,44,33,53,0,12,705,142,32,50,171,78,328,113,139,83,35,32,135,68,0,12,35,41,41,33,59,42,0,12,168,47,0,12,46,38,43,26,23,24,56,33
265,53033028902,,Tract 028902,2451,193,181,132,1008,248,777,195,298,154,187,115,671,195,34,39,497,161,106,86,34,40,0,17,584,162,40,50,190,100,248,118,43,43,63,80,365,176,31,37,179,135,69,64,5,14,81,80,831,207,76,98,142,105,354,143,216,134,43,48
266,53033029001,,Tract 029001,2001,120,139,78,800,155,563,127,361,105,138,74,724,138,132,78,534,130,54,53,0,12,4,7,757,137,7,11,133,55,372,102,193,84,52,58,153,71,0,12,49,40,34,36,70,46,0,12,367,93,0,12,84,55,103,65,98,51,82,44
267,53033029003,,Tract 029003,2008,146,202,138,640,187,632,166,365,136,169,87,476,155,128,115,316,140,32,37,0,17,0,17,537,163,74,77,172,109,220,117,71,49,0,17,494,167,0,17,57,73,250,118,99,76,88,80,501,143,0,17,95,86,130,78,195,103,81,43
268,53033029004,,Tract 029004,1323,56,136,66,608,121,340,108,157,65,82,46,402,86,70,50,238,76,54,40,40,35,0,12,254,74,15,21,104,56,91,47,29,25,15,16,208,77,14,22,92,57,53,38,13,17,36,34,459,87,37,37,174,72,142,75,75,53,31,34
269,53033029101,,Tract 029101,1134,84,50,40,502,115,379,85,161,68,42,29,356,90,20,23,315,94,21,24,0,12,0,12,321,86,15,23,72,44,211,75,15,19,8,13,157,64,0,12,7,11,63,37,62,47,25,25,300,74,15,22,108,69,84,46,84,52,9,15
270,53033029102,,Tract 029102,1303,139,32,30,250,81,432,113,243,92,346,100,267,73,19,21,188,69,47,37,0,12,13,19,336,92,13,23,52,45,172,61,73,54,26,24,222,108,0,12,10,17,107,76,25,26,80,66,478,93,0,12,0,12,106,63,145,57,227,65
271,53033029203,,Tract 029203,1295,91,317,104,550,129,345,95,57,35,26,23,573,127,274,96,280,113,9,15,10,17,0,12,237,71,0,12,87,54,131,47,19,23,0,12,164,93,0,12,109,91,39,26,16,22,0,12,321,80,43,43,74,68,166,64,12,15,26,23
272,53033029204,,Tract 029204,2474,99,172,120,958,148,774,151,399,146,171,88,467,154,87,91,332,133,48,41,0,17,0,17,834,239,0,17,317,148,416,161,101,95,0,17,514,171,48,68,181,98,157,101,111,91,17,27,659,150,37,42,128,83,153,91,187,82,154,87
273,53033029205,,Tract 029205,2025,94,149,84,839,176,868,151,127,63,42,54,743,141,119,81,554,137,70,63,0,12,0,12,741,153,30,26,183,94,439,117,58,46,31,49,195,120,0,12,20,25,147,111,28,33,0,12,346,106,0,12,82,64,212,97,41,36,11,20
274,53033029206,,Tract 029206,1981,110,479,115,659,143,698,145,145,70,0,12,884,123,351,89,376,80,157,85,0,12,0,12,500,111,75,57,112,57,278,98,35,38,0,12,215,104,32,39,119,99,64,47,0,12,0,12,382,101,21,23,52,45,199,86,110,57,0,12
275,53033029303,,Tract 029303,3050,144,199,95,920,184,1287,233,412,146,232,95,825,180,121,74,577,167,105,90,0,17,22,34,1122,203,49,45,172,92,653,179,149,101,99,73,477,168,0,17,104,104,188,95,163,96,22,24,626,152,29,36,67,67,341,130,100,87,89,63
276,53033029304,,Tract 029304,1918,88,44,33,453,110,886,133,334,96,201,66,323,95,0,17,275,89,37,30,0,17,11,17,770,133,27,25,135,60,444,111,104,64,60,51,400,98,9,15,35,41,185,75,128,49,43,40,425,82,8,13,8,13,220,78,102,56,87,45
277,53033029305,,Tract 029305,1346,97,12,18,299,85,590,117,316,84,129,54,208,68,12,18,166,63,22,24,8,12,0,12,443,87,0,12,63,35,276,90,84,42,20,21,234,97,0,12,37,36,101,73,61,39,35,29,461,98,0,12,33,52,191,83,163,70,74,38
278,53033029306,,Tract 029306,1266,81,61,42,320,79,406,93,299,94,180,68,290,77,38,37,174,60,50,43,28,39,0,12,382,86,6,9,111,53,167,61,75,50,23,25,195,77,8,13,20,27,110,62,40,30,17,20,399,68,9,14,15,18,79,39,156,72,140,56
279,53033029307,,Tract 029307,1281,70,44,31,215,76,436,86,329,96,257,73,151,67,0,12,112,63,39,24,0,12,0,12,417,89,24,26,44,30,187,61,100,59,62,42,206,74,3,6,37,40,30,25,69,50,67,39,507,100,17,19,22,26,180,72,160,69,128,63
280,53033029403,,Tract 029403,1902,82,79,61,387,89,735,136,495,119,206,68,328,75,26,28,251,71,28,25,18,21,5,10,707,119,40,52,46,32,314,91,254,95,53,31,262,89,0,17,19,26,168,83,75,39,0,17,605,93,13,18,71,46,225,91,148,72,148,59
281,53033029405,,Tract 029405,1750,65,16,19,255,101,720,124,487,121,272,88,119,53,8,12,85,51,26,21,0,17,0,17,530,99,0,17,141,69,274,75,104,48,11,18,500,98,8,14,29,44,242,90,158,60,63,50,601,100,0,17,0,17,178,62,225,104,198,76
282,53033029406,,Tract 029406,1618,39,28,26,339,98,696,113,379,96,176,77,184,66,9,13,137,63,38,29,0,17,0,17,563,100,8,12,115,63,282,75,106,51,52,43,279,86,0,17,12,18,135,74,105,55,27,23,592,98,11,19,75,53,241,87,168,81,97,62
283,53033029407,,Tract 029407,1570,73,206,80,564,110,443,92,234,67,123,54,321,101,97,56,210,92,8,13,0,12,6,11,488,115,66,52,161,97,173,60,80,45,8,12,361,109,43,43,129,83,71,48,96,50,22,31,400,79,0,12,64,42,191,73,58,40,87,43
284,53033029408,,Tract 029408,1497,87,119,68,445,138,614,134,224,66,95,43,402,137,70,47,302,128,16,20,14,16,0,12,493,104,29,45,97,50,282,81,58,48,27,22,163,78,20,22,0,12,68,52,75,49,0,12,439,84,0,12,46,41,248,85,77,42,68,40
285,53033029502,,Tract 029502,2140,122,11,21,281,115,1132,210,544,161,172,91,170,94,0,17,91,61,79,68,0,17,0,17,577,146,0,17,90,67,410,125,51,51,26,31,491,165,11,21,41,62,175,81,241,131,23,37,902,186,0,17,59,67,468,196,252,94,123,80
286,53033029503,,Tract 029503,2894,128,394,160,1072,197,945,197,369,157,114,61,629,172,144,85,339,131,121,78,25,29,0,17,871,190,190,119,160,110,494,163,27,32,0,17,407,169,12,21,207,104,93,79,95,96,0,17,987,189,48,47,366,141,237,135,222,120,114,61
287,53033029504,,Tract 029504,2005,173,311,154,500,163,777,170,323,169,94,78,283,119,133,58,129,86,21,25,0,17,0,17,659,189,162,146,250,140,195,99,52,39,0,17,457,179,0,17,72,69,226,120,158,117,1,6,606,178,16,27,49,56,335,166,113,125,93,77
288,53033029601,,Tract 029601,2059,108,89,79,617,153,858,149,292,102,203,73,262,95,13,22,157,73,79,59,13,22,0,17,614,159,76,76,217,122,250,96,57,45,14,22,288,107,0,17,97,85,98,58,80,44,13,21,895,125,0,17,146,95,431,116,142,75,176,72
289,53033029602,,Tract 029602,1940,102,26,24,297,94,691,129,537,119,389,83,148,58,17,20,96,46,29,25,0,17,6,10,733,108,9,14,117,65,356,97,158,66,93,56,483,102,0,17,70,58,117,61,214,78,82,50,576,98,0,17,14,15,189,73,165,70,208,68
290,53033029700,,Tract 029700,2877,156,521,157,982,209,830,187,360,144,184,106,1059,225,346,122,642,197,71,75,0,17,0,17,777,179,131,91,195,105,320,129,73,47,58,71,285,133,0,17,31,34,130,92,96,80,28,31,756,215,44,71,114,100,309,136,191,117,98,84
291,53033029801,,Tract 029801,3115,87,108,89,812,174,1320,225,457,199,418,137,693,179,0,17,440,152,187,111,54,86,12,20,872,182,17,26,186,101,579,155,47,40,43,45,380,135,76,84,100,69,123,100,37,34,44,44,1170,205,15,24,86,94,431,132,319,181,319,133
292,53033029802,,Tract 029802,3031,145,149,121,661,190,1180,196,581,171,460,142,666,214,49,67,315,150,213,126,56,87,33,38,1033,207,50,77,129,71,559,130,215,121,80,57,357,132,31,37,54,66,117,68,117,71,38,57,975,183,19,39,163,116,291,113,193,95,309,134
293,53033029901,,Tract 029901,1543,97,14,22,274,84,607,115,379,105,269,71,262,79,0,12,169,68,70,45,12,17,11,17,428,103,0,12,61,36,235,80,123,78,9,13,349,94,0,12,34,31,100,53,123,62,92,56,504,89,14,22,10,16,202,72,121,52,157,56
294,53033029902,,Tract 029902,1448,91,21,24,127,58,691,121,362,103,247,72,164,72,9,14,90,48,65,59,0,12,0,12,596,94,12,19,19,21,351,94,157,60,57,32,268,96,0,12,0,12,94,57,108,53,66,52,420,79,0,12,18,20,181,53,97,59,124,51
295,53033030003,,Tract 030003,2397,116,35,42,837,199,998,266,363,135,164,96,639,205,20,34,550,196,44,71,25,30,0,17,914,215,15,25,239,144,489,171,94,68,77,79,291,183,0,17,16,28,193,174,75,58,7,13,553,132,0,17,32,35,272,125,169,88,80,55
296,53033030004,,Tract 030004,3276,136,463,230,1331,251,922,275,279,161,281,136,976,253,297,171,551,187,128,122,0,17,0,17,1106,246,96,105,450,168,499,185,61,64,0,17,437,168,13,22,94,80,105,75,123,88,102,117,757,235,57,84,236,151,190,155,95,101,179,134
297,53033030005,,Tract 030005,1875,56,62,39,440,113,697,135,527,126,149,70,263,78,11,18,108,48,122,63,0,17,22,20,533,121,28,26,154,73,219,98,105,56,27,25,380,99,23,24,58,38,127,64,147,71,25,32,699,129,0,17,120,75,229,84,275,88,75,51
298,53033030006,,Tract 030006,1613,87,337,91,562,124,523,101,164,72,27,26,634,107,324,90,284,84,26,24,0,12,0,12,415,105,5,9,190,92,194,75,14,16,12,18,226,99,8,12,46,46,116,64,48,48,8,14,338,76,0,12,42,38,187,79,102,51,7,12
299,53033030100,,Tract 030100,2959,112,15,25,727,193,1307,234,665,180,245,94,560,169,0,17,409,146,142,93,9,21,0,17,1220,187,0,17,209,128,612,148,312,125,87,55,577,167,15,25,45,72,230,99,240,108,47,42,602,185,0,17,64,94,323,154,104,70,111,63
300,53033030201,,Tract 030201,1993,91,85,55,537,142,799,149,417,130,155,78,508,130,69,56,300,113,104,58,28,35,7,12,767,144,16,17,180,75,366,114,177,96,28,33,186,90,0,17,9,15,99,61,52,52,26,32,532,129,0,17,48,42,230,98,160,93,94,62
301,53033030202,,Tract 030202,2474,134,151,91,964,216,861,187,254,100,244,110,674,164,59,50,475,162,113,87,0,17,27,44,726,166,38,38,263,123,328,135,59,56,38,55,465,157,21,35,217,96,152,81,49,42,26,41,609,144,33,50,9,16,268,84,146,97,153,93
302,53033030304,,Tract 030304,1253,71,63,59,260,103,481,114,295,104,154,70,140,76,0,12,43,38,97,66,0,12,0,12,425,114,18,24,160,90,199,83,37,34,11,18,345,101,13,20,16,19,80,44,170,89,66,55,343,72,32,47,41,47,105,57,88,51,77,52
303,53033030305,,Tract 030305,2073,112,63,78,692,156,892,160,311,126,115,69,594,167,63,78,440,146,91,66,0,17,0,17,802,172,0,17,137,85,506,138,128,82,31,37,255,120,0,17,35,43,147,87,73,65,0,17,422,114,0,17,80,74,148,83,110,76,84,66
304,53033030306,,Tract 030306,1819,105,44,36,416,116,629,113,314,113,416,112,201,88,0,17,160,81,25,27,16,19,0,17,669,121,25,23,147,73,316,77,119,66,62,41,470,146,19,28,98,64,114,56,103,79,136,138,479,150,0,17,11,15,174,65,76,46,218,108
305,53033030308,,Tract 030308,2392,76,158,114,812,184,863,201,408,159,151,84,371,133,33,37,308,129,14,23,16,25,0,17,839,175,44,50,269,134,400,150,126,106,0,17,482,178,81,87,73,79,152,87,151,100,25,31,700,164,0,17,162,108,297,121,115,70,126,77
306,53033030309,,Tract 030309,2514,108,80,62,1215,198,837,227,212,93,170,85,986,192,53,44,867,190,66,55,0,17,0,17,766,194,0,17,255,137,444,151,67,59,0,17,357,145,0,17,75,76,229,130,36,38,17,30,405,100,27,39,18,32,98,66,109,62,153,90
307,53033030310,,Tract 030310,2086,70,176,68,425,123,865,132,339,100,281,83,412,115,139,59,266,101,7,11,0,17,0,17,628,110,14,25,124,64,344,98,115,45,31,30,195,75,9,15,10,14,116,67,35,27,25,21,851,125,14,20,25,35,398,125,189,81,225,73
308,53033030311,,Tract 030311,1649,88,39,34,289,98,756,118,418,94,147,65,151,73,7,11,91,52,27,23,26,25,0,17,602,108,8,12,87,54,377,105,109,55,21,27,320,107,0,17,82,69,140,82,53,30,45,34,576,98,24,25,29,29,212,73,230,82,81,50
309,53033030312,,Tract 030312,1767,89,130,73,555,135,623,108,285,121,174,93,432,109,58,55,246,89,91,52,0,12,37,52,679,136,9,14,233,110,274,88,133,91,30,34,285,88,8,15,66,47,77,57,109,62,25,29,371,74,55,39,10,14,181,55,43,37,82,60
310,53033030313,,Tract 030313,1700,109,100,56,857,141,574,136,102,55,67,57,573,127,60,38,441,108,64,58,8,14,0,12,547,134,9,14,186,93,337,109,15,17,0,12,165,85,0,12,81,63,52,35,32,31,0,12,415,127,31,37,149,72,121,79,47,44,67,57
311,53033030314,,Tract 030314,1956,105,476,119,700,147,475,120,162,78,143,56,843,121,369,108,421,114,34,32,19,31,0,12,484,115,97,80,128,74,207,81,52,41,0,12,296,121,0,12,48,46,181,108,27,29,40,46,333,115,10,17,103,79,53,47,64,58,103,68
312,53033030401,,Tract 030401,3316,98,50,59,785,244,1463,261,677,168,341,139,509,170,0,17,370,149,111,91,28,35,0,17,1341,220,0,17,329,179,740,228,126,72,146,100,498,189,20,32,28,31,267,159,134,98,49,43,968,219,30,49,58,70,345,165,389,151,146,76
313,53033030403,,Tract 030403,1758,87,76,67,507,126,641,126,352,110,182,79,399,113,61,65,246,89,59,41,33,35,0,12,791,126,6,10,161,67,399,98,199,84,26,28,182,84,0,12,100,67,45,28,37,37,0,12,386,69,9,17,0,12,138,66,83,47,156,72
314,53033030404,,Tract 030404,1616,60,13,20,204,78,658,127,392,116,349,90,276,77,0,12,116,48,101,60,19,22,40,46,547,123,0,12,46,47,327,106,114,74,60,40,267,78,0,12,25,40,94,49,107,46,41,34,526,89,13,20,17,20,136,57,152,81,208,72
315,53033030501,,Tract 030501,1004,90,313,74,400,92,198,65,77,33,16,14,591,90,270,69,258,65,57,41,6,9,0,12,213,58,37,37,61,39,98,42,5,7,12,13,118,36,6,8,35,25,25,18,52,31,0,12,82,42,0,12,46,37,18,15,14,14,4,6
316,53033030503,,Tract 030503,2181,126,251,124,688,155,906,165,283,120,53,45,790,173,211,120,426,147,144,108,9,14,0,17,533,150,28,34,182,80,265,116,44,38,14,22,197,103,0,17,18,29,124,91,55,52,0,17,661,118,12,20,62,59,373,131,175,97,39,39
317,53033030504,,Tract 030504,1977,86,176,90,802,143,767,152,183,70,49,41,605,115,92,61,397,105,108,50,8,11,0,12,708,127,31,40,204,85,373,108,87,44,13,15,277,91,21,34,49,27,119,65,80,53,8,14,387,98,32,43,152,86,167,79,8,14,28,35
318,53033030600,,Tract 030600,2027,133,164,122,503,150,975,219,217,106,168,85,618,177,100,66,315,128,120,99,83,81,0,17,684,195,8,14,136,88,448,177,75,51,17,20,157,79,0,17,30,28,70,56,22,26,35,40,568,118,56,95,22,33,337,124,37,37,116,83
319,53033030700,,Tract 030700,1633,73,207,103,650,146,527,130,183,76,66,41,530,138,98,65,338,115,78,53,11,17,5,8,499,110,86,70,133,90,191,76,79,48,10,15,293,95,23,36,87,56,134,76,49,40,0,12,311,97,0,12,92,47,124,57,44,38,51,43
320,53033030801,,Tract 030801,2325,115,233,128,878,187,748,171,282,125,184,120,523,138,103,89,301,123,104,65,15,23,0,17,690,174,105,89,266,111,244,113,44,51,31,36,345,146,10,20,79,83,141,85,77,71,38,60,767,151,15,22,232,95,259,111,146,101,115,101
321,53033030802,,Tract 030802,1372,92,108,54,540,116,514,116,130,61,80,57,432,95,60,45,308,92,64,40,0,12,0,12,355,98,31,37,71,44,220,90,33,35,0,12,272,82,0,12,64,46,139,61,47,39,22,28,313,96,17,19,97,63,91,58,50,38,58,47
322,53033030901,,Tract 030901,1101,106,32,22,190,70,450,84,271,83,158,62,172,56,21,17,90,39,38,32,19,17,4,7,271,77,11,13,14,17,170,58,67,54,9,8,275,76,0,12,34,25,141,60,81,36,19,22,383,58,0,12,52,51,101,42,104,43,126,57
323,53033030902,,Tract 030902,2090,154,165,98,563,157,816,156,349,133,197,90,426,135,119,79,247,119,52,52,8,13,0,17,550,133,46,72,127,76,191,93,114,68,72,84,370,155,0,17,123,82,225,132,22,27,0,17,744,121,0,17,66,58,348,107,205,108,125,67
324,53033031000,,Tract 031000,1553,106,23,23,286,95,838,121,260,70,146,52,255,91,20,23,177,77,58,63,0,12,0,12,608,111,3,5,109,64,406,108,71,41,19,16,277,84,0,12,0,12,155,56,86,46,36,25,413,92,0,12,0,12,219,83,103,55,91,40
325,53033031100,,Tract 031100,2748,85,276,138,766,135,1082,167,437,125,187,91,607,114,73,34,392,87,130,54,6,8,6,7,872,164,100,80,220,91,414,108,118,82,20,13,477,134,21,24,69,38,165,67,213,110,9,8,792,177,82,101,85,69,373,124,100,35,152,88
326,53033031202,,Tract 031202,2150,129,26,13,371,110,800,167,608,179,345,122,322,126,11,8,121,66,170,100,14,22,6,7,870,161,2,4,134,79,280,96,265,122,189,99,378,146,5,6,17,12,174,107,124,99,58,46,580,118,8,9,99,54,176,100,205,118,92,62
327,53033031204,,Tract 031204,2301,111,20,32,391,153,856,200,521,145,513,154,426,163,20,32,255,126,123,96,15,28,13,24,910,146,0,17,74,56,421,119,247,111,168,97,527,159,0,17,13,22,238,131,128,69,148,83,438,119,0,17,49,74,74,54,131,57,184,90
328,53033031205,,Tract 031205,2401,145,181,109,574,147,863,227,534,203,249,127,363,143,69,70,227,95,11,18,56,74,0,17,852,142,24,38,193,88,429,157,159,84,47,48,469,170,42,67,103,88,102,76,177,125,45,50,717,159,46,46,51,43,321,161,142,107,157,110
329,53033031206,,Tract 031206,1779,72,111,55,545,117,749,103,238,71,136,70,318,87,82,47,207,75,20,21,9,15,0,17,468,100,29,26,148,53,244,74,40,29,7,12,290,112,0,17,125,88,60,43,65,46,40,44,703,131,0,17,65,56,425,100,124,69,89,58
330,53033031301,,Tract 031301,938,61,13,17,196,64,315,72,239,66,175,60,199,57,6,10,125,41,55,31,13,13,0,12,306,61,7,11,17,16,135,46,95,43,52,30,169,61,0,12,35,33,52,46,62,36,20,18,264,66,0,12,19,30,73,37,69,36,103,48
331,53033031302,,Tract 031302,1738,129,100,63,464,123,661,119,437,105,76,39,472,107,83,59,263,87,95,61,31,47,0,12,689,90,17,20,139,66,355,80,159,67,19,21,210,75,0,12,53,41,82,52,54,35,21,22,367,62,0,12,9,14,129,55,193,77,36,26
332,53033031400,,Tract 031400,2570,162,135,76,795,187,1169,231,321,124,150,83,942,211,135,76,547,186,260,140,0,17,0,17,786,206,0,17,177,110,486,159,91,53,32,36,480,141,0,17,32,40,299,147,88,58,61,54,362,112,0,17,39,62,124,86,142,97,57,49
333,53033031501,,Tract 031501,1467,77,48,62,198,110,495,112,375,111,351,88,287,120,39,61,118,91,111,70,19,20,0,12,527,110,0,12,37,39,209,74,159,81,122,59,270,101,0,12,0,12,136,82,74,48,60,37,383,83,9,15,43,47,39,34,123,70,169,63
334,53033031502,,Tract 031502,1738,75,98,52,329,84,631,116,375,100,305,74,475,99,79,55,247,73,113,56,18,21,18,19,669,126,12,20,46,32,325,103,201,74,85,45,259,85,7,11,0,12,75,52,69,37,108,58,335,60,0,12,36,46,118,49,87,45,94,42
335,53033031601,,Tract 031601,1963,60,19,22,151,58,814,130,560,107,419,109,209,73,8,14,89,46,71,45,41,26,0,17,881,97,0,17,30,28,452,97,196,77,203,95,332,95,11,17,32,24,110,58,107,52,72,41,541,106,0,17,0,17,181,77,216,69,144,69
336,53033031603,,Tract 031603,2196,106,74,63,398,141,1168,167,315,142,241,83,456,141,40,50,236,115,80,49,84,109,16,27,509,130,8,12,82,76,307,110,59,47,53,43,503,137,19,25,68,48,261,124,91,62,64,53,728,104,7,13,12,20,520,108,81,63,108,54
337,53033031604,,Tract 031604,1817,68,28,25,332,83,841,138,493,121,123,56,298,90,9,15,161,59,41,41,87,70,0,17,496,96,19,21,101,60,243,80,103,46,30,27,334,90,0,17,9,14,165,69,135,70,25,22,689,81,0,17,61,55,392,91,168,65,68,40
338,53033031605,,Tract 031605,1509,116,20,23,198,71,578,123,467,127,246,70,206,80,9,14,87,49,75,63,35,39,0,12,611,116,0,12,84,50,321,89,129,60,77,47,289,92,11,17,16,19,45,33,176,81,41,36,403,105,0,12,11,16,137,69,127,54,128,57
339,53033031703,,Tract 031703,2492,141,111,97,498,152,1001,176,587,132,295,102,531,150,111,97,256,102,124,70,12,21,28,31,894,177,0,17,137,70,542,144,184,76,31,36,440,125,0,17,105,85,94,67,192,78,49,46,627,134,0,17,0,17,241,102,199,93,187,79
340,53033031704,,Tract 031704,1743,72,62,35,335,95,820,139,286,85,240,78,249,84,26,33,146,65,62,70,0,17,15,23,478,86,0,17,83,57,319,71,44,30,32,30,374,88,18,29,75,52,150,67,119,66,12,17,642,81,18,20,31,31,289,80,123,58,181,71
341,53033031705,,Tract 031705,1425,74,0,12,264,101,604,105,404,95,153,69,189,80,0,12,135,67,10,15,35,38,9,14,538,98,0,12,45,46,303,82,118,51,72,45,275,87,0,12,20,21,118,56,124,58,13,22,423,78,0,12,64,50,173,74,127,76,59,47
342,53033031706,,Tract 031706,2724,118,54,53,519,158,1228,197,520,135,403,111,602,169,38,45,343,123,124,108,45,33,52,62,803,166,0,17,53,41,501,168,111,72,138,112,449,150,16,27,106,109,120,95,142,85,65,75,870,133,0,17,17,28,483,120,222,90,148,82
343,53033031800,,Tract 031800,1657,78,40,27,188,61,752,106,394,92,283,79,243,72,7,11,149,57,56,35,15,16,16,18,657,124,0,12,32,25,339,97,185,75,101,49,308,104,11,16,7,11,136,90,108,62,46,35,449,84,22,20,0,12,221,69,86,49,120,58
344,53033031903,,Tract 031903,2386,107,50,48,372,131,867,140,692,160,405,121,335,101,15,24,128,67,163,81,29,33,0,17,861,156,35,41,174,104,326,110,210,109,116,68,512,148,0,17,56,50,96,82,236,106,124,76,678,93,0,17,14,21,282,82,217,82,165,82
345,53033031904,,Tract 031904,1316,56,15,16,256,88,535,124,397,124,113,48,250,94,7,11,143,70,70,48,30,38,0,12,509,80,8,11,71,50,200,65,179,70,51,41,282,93,0,12,42,46,127,71,85,56,28,27,275,81,0,12,0,12,138,66,103,86,34,26
346,53033031906,,Tract 031906,1466,28,10,15,235,80,717,103,359,90,145,55,228,83,0,12,174,70,40,37,14,21,0,12,650,121,0,12,53,40,393,103,152,63,52,39,200,62,10,15,0,12,90,51,71,39,29,27,388,91,0,12,8,13,194,85,122,49,64,35
347,53033031907,,Tract 031907,2838,114,56,62,510,184,1487,209,496,159,289,138,399,155,0,17,280,156,70,44,33,26,16,23,1058,219,45,67,121,66,700,187,140,71,52,43,555,142,0,17,56,59,225,110,197,104,77,64,826,144,11,18,53,53,492,147,126,77,144,93
348,53033031908,,Tract 031908,1910,140,151,89,719,174,760,169,239,81,41,33,637,142,98,61,412,131,119,89,8,13,0,12,707,136,53,68,180,84,354,86,120,58,0,12,237,103,0,12,43,33,155,97,39,35,0,12,329,113,0,12,84,67,132,85,72,44,41,33
349,53033031909,,Tract 031909,1156,41,32,33,252,60,513,90,212,65,147,63,218,50,0,12,186,53,25,23,7,11,0,12,464,76,6,10,42,29,278,69,111,52,27,25,145,65,20,30,0,12,58,43,25,23,42,45,329,70,6,9,24,22,152,56,69,44,78,43
350,53033032002,,Tract 032002,1203,55,44,56,201,84,324,87,362,100,272,73,232,92,44,56,137,74,12,18,39,48,0,12,559,99,0,12,53,34,206,78,182,88,118,55,188,62,0,12,0,12,58,37,89,54,41,32,224,47,0,12,11,20,48,34,52,35,113,52
351,53033032003,,Tract 032003,1990,88,35,27,241,98,653,149,590,128,471,134,356,110,0,17,164,89,112,78,29,25,51,51,735,115,35,27,65,42,304,93,267,86,64,35,299,91,0,17,7,12,93,77,137,51,62,31,600,126,0,17,5,10,144,82,157,77,294,123
352,53033032005,,Tract 032005,2467,143,17,27,447,170,973,208,621,184,409,136,511,151,17,27,278,152,133,82,33,40,50,54,874,156,0,17,149,109,512,159,132,75,81,54,483,150,0,17,0,17,93,61,331,139,59,57,599,154,0,17,20,34,235,111,125,90,219,109
353,53033032006,,Tract 032006,2012,41,16,18,441,106,847,145,384,80,324,78,339,103,16,18,262,92,61,45,0,17,0,17,707,121,0,17,59,38,472,112,80,35,96,45,384,109,0,17,0,17,127,55,146,61,111,65,582,113,0,17,120,95,187,62,158,63,117,55
354,53033032007,,Tract 032007,1264,99,0,12,200,89,595,111,256,73,213,86,203,94,0,12,101,70,92,74,0,12,10,17,531,110,0,12,46,37,304,90,109,45,72,65,245,80,0,12,53,54,76,48,62,43,54,35,285,76,0,12,0,12,123,59,85,42,77,40
355,53033032008,,Tract 032008,1569,80,21,23,261,83,699,125,451,117,137,62,134,60,11,16,95,54,28,30,0,12,0,12,599,114,0,12,99,55,343,98,139,66,18,19,336,100,10,16,16,18,117,66,173,85,20,21,500,83,0,12,51,51,211,60,139,57,99,55
356,53033032010,,Tract 032010,2145,113,97,89,536,139,976,162,354,126,182,103,425,127,67,81,292,106,46,46,20,33,0,17,723,148,0,17,160,100,378,122,165,73,20,32,215,116,0,17,0,17,67,78,81,80,67,53,782,103,30,33,84,64,485,114,88,64,95,71
357,53033032011,,Tract 032011,1450,62,9,14,240,81,837,134,205,69,159,68,175,67,9,14,129,57,37,36,0,12,0,12,432,94,0,12,50,35,278,85,67,38,37,33,287,88,0,12,18,21,183,83,74,41,12,19,556,60,0,12,43,46,339,69,64,39,110,51
358,53033032102,,Tract 032102,1815,97,17,19,349,110,737,113,491,110,221,80,364,109,9,14,313,103,26,24,16,18,0,17,694,98,0,17,36,29,453,84,156,58,49,31,176,86,0,17,0,17,62,52,98,69,16,17,581,100,8,13,0,17,196,64,221,72,156,73
359,53033032103,,Tract 032103,2284,128,141,87,931,210,797,161,323,141,92,56,754,177,49,47,613,156,61,58,31,24,0,17,696,176,92,69,117,63,403,140,84,66,0,17,429,185,0,17,153,113,185,111,49,43,42,44,405,131,0,17,48,62,148,62,159,110,50,47
360,53033032104,,Tract 032104,2471,133,180,79,709,173,1097,170,333,111,152,65,613,145,153,75,405,126,42,38,13,21,0,17,1110,153,14,23,188,109,649,155,159,74,100,56,260,105,0,17,56,51,103,64,86,62,15,24,488,105,13,20,60,71,303,93,75,55,37,39
361,53033032203,,Tract 032203,2773,121,0,17,412,134,1608,202,503,160,250,95,258,123,0,17,200,118,58,55,0,17,0,17,941,185,0,17,167,86,652,184,95,61,27,32,601,185,0,17,0,17,340,114,205,113,56,43,973,117,0,17,45,40,558,126,203,114,167,86
362,53033032207,,Tract 032207,1297,57,30,27,229,68,615,98,327,69,96,48,97,43,10,16,56,34,15,16,8,12,8,12,455,97,0,12,95,52,227,77,114,55,19,21,308,84,0,12,71,50,129,46,87,47,21,22,437,101,20,23,7,12,244,92,118,56,48,41
363,53033032208,,Tract 032208,4214,213,158,73,1975,246,1598,196,342,117,141,72,1379,219,122,63,1227,224,30,34,0,17,0,17,1550,218,17,26,532,168,879,154,96,62,26,30,437,137,19,30,95,84,169,85,124,71,30,34,848,160,0,17,121,107,520,127,122,67,85,58
364,53033032210,,Tract 032210,5530,167,203,156,2188,336,2286,339,549,170,304,141,1125,275,94,122,920,256,111,106,0,19,0,19,1789,344,87,81,811,306,711,217,68,65,112,122,1036,264,0,19,208,115,592,235,213,119,23,37,1580,216,22,36,249,138,872,219,268,136,169,108
365,53033032211,,Tract 032211,1750,62,0,17,369,75,907,90,410,82,64,35,207,68,0,17,191,63,16,20,0,17,0,17,579,110,0,17,65,39,359,90,146,57,9,13,319,87,0,17,38,24,132,64,133,49,16,20,645,79,0,17,75,37,400,68,131,64,39,26
366,53033032212,,Tract 032212,2804,164,30,35,527,147,1786,180,432,112,29,36,340,136,0,17,247,114,93,90,0,17,0,17,706,151,14,22,96,68,517,134,79,67,0,17,710,165,16,27,51,44,421,146,206,94,16,28,1048,134,0,17,133,60,755,139,147,76,13,21
367,53033032213,,Tract 032213,1506,58,28,24,177,58,864,117,288,89,149,60,129,61,9,13,105,58,15,16,0,12,0,12,550,85,10,15,55,32,341,82,120,43,24,22,317,94,0,12,13,15,179,91,75,44,50,33,510,63,9,14,4,8,329,75,93,60,75,41
368,53033032214,,Tract 032214,2056,94,20,24,357,82,1188,120,309,84,182,61,223,78,7,12,198,73,18,21,0,17,0,17,331,89,0,17,31,28,278,83,22,23,0,17,579,107,13,21,118,49,272,79,99,44,77,44,923,98,0,17,10,15,620,91,188,72,105,46
369,53033032215,,Tract 032215,1590,63,0,17,137,58,928,107,406,96,119,45,75,42,0,17,30,29,32,31,13,21,0,17,453,97,0,17,73,47,278,76,102,64,0,17,384,93,0,17,12,18,179,79,153,63,40,28,678,105,0,17,22,25,439,90,138,49,79,37
370,53033032307,,Tract 032307,2167,123,19,30,370,144,1026,159,434,129,318,109,457,151,0,17,299,140,112,89,14,22,32,37,669,142,19,30,12,19,469,116,156,80,13,20,354,98,0,17,59,41,123,69,86,47,86,57,687,123,0,17,0,17,322,101,178,76,187,86
371,53033032309,,Tract 032309,4152,193,722,209,2319,305,931,185,146,84,34,39,1748,225,581,199,1098,226,69,66,0,17,0,17,1358,221,141,76,697,202,461,129,59,48,0,17,605,162,0,17,324,138,218,102,63,50,0,17,441,126,0,17,200,97,183,90,24,40,34,39
372,53033032311,,Tract 032311,2190,41,35,40,169,90,868,151,698,140,420,121,89,64,0,17,53,50,36,40,0,17,0,17,920,155,35,40,53,39,483,137,225,102,124,60,420,120,0,17,0,17,122,55,194,83,104,62,761,171,0,17,63,103,227,114,279,113,192,84
373,53033032313,,Tract 032313,2534,125,169,107,1026,185,1078,149,205,82,56,45,504,142,103,97,358,111,30,30,0,17,13,22,722,142,35,37,310,114,339,136,22,27,16,26,632,156,31,35,196,100,290,94,100,79,15,23,676,129,0,17,162,99,419,127,83,42,12,18
374,53033032315,,Tract 032315,2042,86,7,11,255,89,906,125,626,112,248,66,308,98,0,17,219,86,75,47,14,21,0,17,948,135,0,17,26,25,532,126,276,77,114,49,326,92,7,11,0,17,110,55,169,77,40,27,460,76,0,17,10,16,189,67,167,52,94,44
375,53033032316,,Tract 032316,1914,71,16,18,369,88,902,108,438,93,189,65,327,90,16,18,217,71,73,55,21,24,0,17,464,109,0,17,68,53,248,80,115,54,33,30,433,98,0,17,27,24,196,72,124,60,86,54,690,91,0,17,57,38,385,85,178,81,70,40
376,53033032317,,Tract 032317,2173,87,31,32,377,119,1044,147,515,128,206,76,211,97,23,29,144,82,44,40,0,17,0,17,755,138,8,13,92,58,426,108,197,78,32,36,469,117,0,17,75,51,191,94,165,77,38,34,738,118,0,17,66,78,383,98,153,75,136,62
377,53033032318,,Tract 032318,2150,67,22,22,351,93,1270,137,406,94,101,52,197,72,0,17,118,54,63,44,0,17,16,19,502,104,0,17,72,40,328,97,85,44,17,18,507,109,11,16,50,40,307,91,122,53,17,19,944,97,11,15,111,71,572,99,199,74,51,37
378,53033032319,,Tract 032319,2763,213,313,146,1134,243,867,175,256,127,193,78,1129,239,298,144,776,224,36,40,19,30,0,17,847,206,0,17,188,89,514,160,113,102,32,57,390,140,15,23,161,119,162,80,52,48,0,17,397,91,0,17,9,16,155,65,72,54,161,85
379,53033032320,,Tract 032320,1559,58,17,20,158,62,682,112,530,92,172,62,177,73,9,15,113,57,55,49,0,12,0,12,656,93,0,12,33,27,353,94,237,66,33,30,231,70,0,12,12,19,79,44,94,45,46,34,495,68,8,13,0,12,195,52,199,65,93,41
380,53033032321,,Tract 032321,2005,75,21,24,211,62,1208,118,403,96,162,47,98,41,0,17,70,31,28,27,0,17,0,17,621,87,21,24,77,43,355,82,141,59,27,25,407,92,0,17,27,20,246,72,85,43,49,32,879,91,0,17,37,34,579,89,177,71,86,39
381,53033032322,,Tract 032322,1195,31,0,12,96,41,652,85,325,77,122,43,77,47,0,12,32,26,45,43,0,12,0,12,448,74,0,12,54,30,277,67,67,37,50,37,220,66,0,12,10,16,131,51,55,35,24,26,450,59,0,12,0,12,199,51,203,63,48,34
382,53033032323,,Tract 032323,2209,112,163,72,653,176,1093,197,227,96,73,47,478,118,130,68,252,94,96,75,0,17,0,17,724,142,18,28,158,78,466,135,82,54,0,17,372,107,15,25,85,60,195,85,63,47,14,22,635,121,0,17,158,110,336,116,82,65,59,43
383,53033032324,,Tract 032324,2170,112,131,106,783,156,1018,182,187,87,51,40,612,150,66,82,496,130,34,38,16,27,0,17,628,166,45,71,55,45,483,150,45,40,0,17,478,133,0,17,147,92,252,92,48,42,31,32,452,110,20,31,85,68,249,70,78,57,20,27
384,53033032325,,Tract 032325,2241,177,112,106,1111,180,751,194,222,93,45,52,520,150,0,17,481,142,29,35,10,18,0,17,765,215,64,102,276,130,320,150,84,57,21,34,482,150,29,33,160,89,200,94,93,72,0,17,474,112,19,29,194,100,202,76,35,34,24,37
385,53033032326,,Tract 032326,1368,62,105,43,120,53,601,103,360,79,182,58,231,60,88,40,93,50,50,31,0,12,0,12,447,61,8,12,17,20,271,56,94,41,57,36,182,54,0,12,0,12,75,42,99,42,8,13,508,71,9,14,10,17,205,76,167,58,117,49
386,53033032327,,Tract 032327,2025,85,11,16,635,117,1068,120,169,48,142,46,414,96,0,12,386,92,28,25,0,12,0,12,1332,101,11,16,249,77,910,119,100,42,62,32,70,39,0,12,0,12,15,20,24,20,31,29,209,52,0,12,0,12,115,37,45,29,49,28
387,53033032328,,Tract 032328,1116,62,18,27,143,64,557,86,216,69,182,62,106,54,0,12,68,41,30,30,8,13,0,12,344,87,0,12,36,31,247,74,40,25,21,23,267,84,0,12,39,40,68,43,64,52,96,43,399,64,18,27,0,12,212,54,104,52,65,45
388,53033032329,,Tract 032329,3052,148,105,49,766,151,1780,175,350,112,51,49,581,141,89,42,408,113,84,82,0,17,0,17,589,132,16,26,163,82,307,113,103,59,0,17,598,129,0,17,91,57,386,107,121,72,0,17,1284,141,0,17,104,57,1003,142,126,66,51,49
389,53033032401,,Tract 032401,2169,151,76,59,260,131,1244,178,396,154,193,112,402,143,19,31,184,117,182,87,17,29,0,17,796,171,19,32,37,43,529,149,174,102,37,41,282,116,0,17,0,17,149,85,88,61,45,49,689,132,38,40,39,42,384,117,117,88,111,94
390,53033032402,,Tract 032402,2458,145,15,24,323,137,1287,179,591,152,242,131,397,155,0,17,216,109,152,74,13,23,16,27,1045,185,15,24,107,87,515,158,333,111,75,69,237,86,0,17,0,17,86,49,151,69,0,17,779,149,0,17,0,17,534,129,94,65,151,99
391,53033032500,,Tract 032500,2002,102,15,17,296,72,798,120,574,110,319,92,296,77,15,17,214,64,35,28,12,17,20,22,846,106,0,17,37,22,489,106,247,81,73,59,345,71,0,17,38,29,64,37,135,55,108,40,515,87,0,17,7,9,210,70,180,54,118,60
392,53033032601,,Tract 032601,1153,64,34,31,158,76,528,125,256,90,177,91,174,80,17,20,82,53,75,59,0,12,0,12,450,94,0,12,40,45,250,88,147,77,13,15,205,94,0,12,12,19,103,77,27,22,63,56,324,101,17,20,24,40,100,61,82,49,101,74
393,53033032602,,Tract 032602,4474,215,17,26,631,191,2774,251,759,186,293,126,316,136,0,19,280,130,36,40,0,19,0,19,1489,258,0,19,234,124,998,210,158,80,99,65,821,195,17,26,96,64,429,124,225,119,54,49,1848,167,0,19,21,27,1311,152,376,122,140,93
394,53033032702,,Tract 032702,2497,144,15,24,421,148,975,198,635,210,451,165,388,130,0,17,258,103,41,40,51,66,38,36,1008,152,15,24,95,78,539,130,285,127,74,60,479,144,0,17,68,74,152,82,133,89,126,76,622,108,0,17,0,17,243,125,166,116,213,146
395,53033032703,,Tract 032703,871,63,27,28,239,70,313,67,161,55,131,54,194,62,0,12,140,59,25,19,5,8,24,29,340,65,20,26,67,38,142,52,89,42,22,18,140,50,7,9,21,25,61,37,34,27,17,15,197,44,0,12,11,12,85,25,33,28,68,37
396,53033032704,,Tract 032704,2499,226,203,124,451,185,973,204,528,166,344,135,478,158,125,89,264,132,89,56,0,17,0,17,875,200,14,23,109,89,447,140,206,103,99,74,413,139,47,73,31,35,153,78,123,84,59,52,733,129,17,27,47,73,284,95,199,74,186,110
397,53033032800,,Tract 032800,983,80,44,31,170,52,397,84,234,65,138,57,227,53,14,15,100,36,103,44,8,9,2,5,450,89,30,26,48,29,194,76,97,42,81,46,147,65,0,12,6,9,53,34,60,39,28,40,159,45,0,12,16,17,47,27,69,37,27,22
398,53033990100,,Tract 990100,0,12,0,12,0,12,0,12,0,12,0,12,0,12,0,12,0,12,0,12,0,12,0,12,0,12,0,12,0,12,0,12,0,12,0,12,0,12,0,12,0,12,0,12,0,12,0,12,0,12,0,12,0,12,0,12,0,12,0,12
